Index,0 [0x19][0x4],1 [0x0][0x0]
0,false,""
1,false,""
2,false,"구경하고 가세요"
3,true,"싸요 싸~"
4,true,"Zzz…"
5,false,"제국은 어때?"
6,false,"곧 보고가…"
7,false,"아, 아름다운 시골 풍경!"
8,false,"쌀쌀맞은 사람들이군"
9,false,"…는 어때?"
10,false,"나쁘지 않군"
11,false,"워, 워…"
12,false,"쿠에에~"
13,false,"그렇게 전하지"
14,false,"부탁할게"
15,false,"이크살족의 소행입니다"
16,false,"안내하겠습니다"
17,false,"몇 시에 있죠…?"
18,false,"왜 이렇게 안 오지…"
19,false,"…………"
20,false,"…………"
21,false,"…………Zzz…"
22,false,"흥, 외지인이 뭘 안다고"
23,false,"이크살족 없음, 이상 무…!"
24,false,"털이 참 곱군…"
25,false,"이 길로 올라가면 상점가야"
26,false,"…………"
27,false,"냐… 냥~?"
28,false,"정령의 힘을 빌리는 건 어때?"
29,false,"숲은 우리가 지킨다"
30,false,"물레방아가 빙글빙글~♪"
31,false,"쉴 수 있을 때 쉬어야지…"
32,false,"뀨우우…"
33,false,"응? 왜 그러니?"
34,false,"하나~ 두~울…"
35,false,"사무치는군…!"
36,false,"Zzz…"
37,false,"손에서 기살의 야채 냄새가…"
38,false,"요샌 맨날 이래"
39,false,"호두나무는 품절이야"
40,false,"흥"
41,false,"버섯이 잔뜩 있다냥!"
42,false,"토, 톱밥이… 콧속에…"
43,false,"탕탕탕… 좋았어"
44,false,"으엑, 어른이다…"
45,false,"흠~ 흠흠~♪"
46,false,"창을 붕붕, 귀곡부대~"
47,false,"으, 으아아아…"
48,false,"정령의 인도를 믿읍시다"
49,false,"대체 어쩌지…"
50,false,"……♪"
51,false,"휴우…"
52,false,"많이 자랐네"
53,false,"조금만 더…"
54,false,"숲은 위험해"
55,false,"그야…"
56,false,"자자, 보고 가세요~!"
57,false,"예, 예 어서 옵쇼!"
58,false,"우리도 다시 시작하자…!"
59,false,"그래…"
60,false,"…환영합니다, 여행자여"
61,false,"뀨우우…"
62,false,"다, 다신 안 그럴게…"
63,false,"또 걸리면 가만 안 둔다"
64,false,"쳇, 이래서 황혼 부족은…"
65,false,"…조용히"
66,false,"자! 자세를 바로잡고!"
67,false,"힉… 이…"
68,false,"이야야야얍!"
69,false,"옆구리에 힘 주고… 턱은 당겨…"
70,false,"허리를 숙여!"
71,false,"옙!"
72,false,"…이얏!"
73,false,"으으…"
74,false,"괜찮아"
75,false,"…………"
76,false,"다친 덴 없는 듯한데…"
77,false,"으음…"
78,false,"소금이 어딨더라…"
79,false,"가벼운 게 중요한가…?"
80,false,"으음, 그러니까…"
81,false,"으윽…"
82,false,"…………?"
83,false,"미, 미안…"
84,false,"위로해주는 거야?"
85,false,"……♪"
86,false,"다음엔 뭘 심을까…"
87,false,"비료를 바꿔봤어"
88,false,"줄기가 단단해졌네"
89,false,"어쩐지!"
90,false,"튼튼하게 자라렴~"
91,false,"이봐, 교대시간이야"
92,false,"10분만 더 쉬면 안 될까…"
93,false,"안 돼!"
94,false,"미, 미안…"
95,false,"未使用：会話091"
96,false,"말씀은 절대적입니다"
97,false,"저, 정말이야?"
98,false,"큰일이네…"
99,false,"맙소사…!"
100,false,"제가 전해드리죠"
101,false,"무사히 장사를 마치고 오길…"
102,false,"빨리 가자"
103,false,"너무 서두르지 마"
104,false,"겨우 도착했군"
105,false,"으…………"
106,false,"정령님… 도사님…!"
107,false,"머리가 아파서…"
108,false,"저를 지켜주세요…"
109,false,"금방 좋아질 겁니다"
110,false,"고맙습니다… 고맙습니다…"
111,false,"유감인걸."
112,false,"올해는 흉작이라…"
113,false,"밀에… 호밀까지…"
114,false,"못 참겠다"
115,false,"향이 아주 좋아"
116,false,"세월 참 빨라"
117,false,"재해가 벌써 5년 전 일이라니"
118,false,"하아…"
119,false,"외지인은 불편해"
120,false,"카느 에 센나 님의 뜻이야"
121,false,"…………"
122,false,"…휴"
123,false,"규칙은 규칙이다"
124,false,"제발 좀…"
125,false,"지금 당장 갖고 싶다냥!"
126,false,"이게 좋은걸"
127,false,"음~~, 이게 더 괜찮지 않아?"
128,false,"…푸핫!"
129,false,"흠… 훌륭하군"
130,false,"이봐, 내 말 듣고 있어?"
131,false,"영차… 영차…"
132,false,"옳지, 착하네"
133,false,"조심조심…"
134,false,"잘하셨어요"
135,false,"흠, 문제없는 것 같군."
136,false,"이것도 멋지다"
137,false,"오, 이런 것까지 있네"
138,false,"…좀 조용히 해줄래"
139,false,"Zzz…"
140,false,"으~음…"
141,false,"…에잇!"
142,false,"힘을 빼라"
143,false,"틈을 노려서…!"
144,false,"이크살족을 얕보지 마라"
145,false,"…휴우…"
146,false,"헉, 헉…"
147,false,"벌써 지쳤나?"
148,false,"옙!"
149,false,"예!"
150,false,"…넹!"
151,false,"당기는 힘이 부족해"
152,false,"부디 가르침을…"
153,false,"쿠엣!"
154,false,"앞으로 100회!"
155,false,"적극적으로 파고들어!"
156,false,"Zzz…"
157,false,"마물 짓인가?"
158,false,"새싹이 엉망이 됐어"
159,false,"쿠엣!"
160,false,"다음에 가지치기할 곳은…."
161,false,"옳지 옳지~"
162,false,"조금만 더 하면"
163,false,"한방이다냥!"
164,false,"도착할 때까진 불안해"
165,false,"정말…"
166,false,"우욱~ 딸꾹…"
167,false,"정령님께서 허락하실 리 없어"
168,false,"또 알라미고에서?"
169,false,"음… 모험가군"
170,false,"상인인가? 아니면…"
171,false,"지금부터 토벌 임무를 시작한다!"
172,false,"괜찮은 일 좀 없나?"
173,false,"또 청설모 퇴치야?"
174,false,"뭐어~? 빈 방이 없어?"
175,false,"알겠습니다"
176,false,"명물 허브 티를 부탁해"
177,false,"잠시 쉬고 다시 수련이다"
178,false,"허억… 허억…"
179,false,"아다만타스에게 부탁해"
180,false,"한 개면 된다냥!"
181,false,"이, 이 정도쯤…"
182,false,"등딱지 사이에 난 틈을 노리면?"
183,false,"으~음…"
184,false,"저 물보라는…?"
185,false,"…휴"
186,false,"음, 음"
187,false,"유지니아 감시초소에서는…"
188,false,"우리도 경계해야겠군"
189,false,"…………"
190,false,"북쪽 요새에?"
191,false,"그냥 보고만 올게"
192,false,"Zzz…"
193,false,"…휴우"
194,false,"추천하는 메뉴는?"
195,false,"민물고기 뫼니에르는 어떠세요?"
196,false,"무서운 경험을 했어…"
197,false,"이젠 괜찮아요"
198,false,"어리광부리지 마!"
199,false,"힉, 예에…"
200,false,"그래서 말이야…"
201,false,"아, 응"
202,false,"상당히 위험하대"
203,false,"그렇군…"
204,false,"또~?"
205,false,"또 누가 붙인 거야…"
206,false,"휴~!"
207,false,"서두를 것 없어"
208,false,"실력을 평가해주지"
209,false,"으~음…"
210,false,"…흥"
211,false,"나쁘지 않군"
212,false,"보상은 어때?"
213,false,"히히… 돈이 필요해?"
214,false,"나도 투기장에 가고 싶다…"
215,false,"오늘 대진표도 죽여주네"
216,false,"가져갈까"
217,false,"영차…"
218,false,"으아아…"
219,false,"발놀림이 느려!"
220,false,"473번입니다"
221,false,"허억, 허억…"
222,false,"다음 작품은 말이죠…"
223,false,"나도 언젠가는…"
224,false,"좋은 생각이야"
225,false,"광석 품질이 영 별로야"
226,false,"그때 내 카드가…"
227,false,"대단해~!"
228,false,"멋져…"
229,false,"파괴, 파괴, 파괴…"
230,false,"달 신께 기도를…"
231,false,"다음 생에선 행복해지고 싶어…"
232,false,"기부라면 얼마든지…"
233,false,"호화로운 장례식을 원해"
234,false,"광부 길드를 찾아가 따질까"
235,false,"쿠에에…"
236,false,"자, 깨끗하게 만들어줄게"
237,false,"오늘 대진표는 이렇습니다!"
238,false,"오늘은 이 선수를 주목해!"
239,false,"인간 전차 게오르그다!"
240,false,"여기서부턴 몸가짐을 조심하라"
241,false,"좋겠다…"
242,false,"선물용으로 딱 좋아요"
243,false,"한 봉지 주게"
244,false,"감사합니다!"
245,false,"그러면…"
246,false,"신작 주제를 발표합니다"
247,false,"구경하고 가요~"
248,false,"자, 둘러보고 가세요!"
249,false,"대단해~!"
250,false,"아하하하!!"
251,false,"후후♪"
252,false,"신기한 꼬리네"
253,false,"질렀다~!"
254,false,"와~ 좋겠다~!"
255,false,"이봐 이봐"
256,false,"또 너무 많이 샀다!"
257,false,"품질은 보장해, 싸게 줄게!"
258,false,"히익~"
259,false,"아직 멀었어!"
260,false,"생각지도 못한 수확이네."
261,false,"아, 그러니까, 음…"
262,false,"조용히 하시오"
263,false,"로로리토 님께서 말야…"
264,false,"그것참 별일이네…"
265,false,"역시 대단하네요~"
266,false,"구하기 힘든 고서에요!"
267,false,"실험도 정도껏 해"
268,false,"라우반 님 덕분이지"
269,false,"역시 대단하군"
270,false,"안목이 높으시군요!"
271,false,"어머…"
272,false,"머, 멀었나요?"
273,false,"무기로 유명한 가게야!"
274,false,"골라드릴게요!"
275,false,"유행의 중심지랍니다"
276,false,"큰독거미를 조합하는군…"
277,false,"강력한 독이 되거든"
278,false,"흐음…"
279,false,"교대가 왜 안 오지…"
280,false,"마물을 조심하거라"
281,false,"우선 흙탕물부터"
282,false,"아직이야~?"
283,false,"떠들썩하네"
284,false,"그러게"
285,false,"안 돼!"
286,false,"과자 사주세요~"
287,false,"고철, 고철…"
288,false,"…………"
289,false,"이상 무~!"
290,false,"누가 본다고 그래"
291,false,"소란 피우지 마"
292,false,"멋지다~ 누님!"
293,false,"휙~, 휙~!"
294,false,"슬슬 시작해볼까"
295,false,"그래…"
296,false,"헤헤… 죄송함다"
297,false,"또 네놈이냐!"
298,false,"즐거운☆유희장◎입니다"
299,false,"폐기물이 늘었네"
300,false,"내가 널 쓰러뜨리겠~다!"
301,false,"흥, 웃기는군"
302,false,"빈민 따윌 끌고 오지 말라고"
303,false,"여기선 늘 조심해"
304,false,"싸워라~!"
305,false,"未使用：荒：会話00104"
306,false,"아하하!"
307,false,"어깨가 아무래도…"
308,false,"히히히히…"
309,false,"히히…"
310,false,"상대의 눈을 잘 봐라…"
311,false,"주술이란~ 즉…"
312,false,"크크… 과연"
313,false,"내 주술도구는…"
314,false,"그놈이 짜증 나서…"
315,false,"주술로 파괴를…"
316,false,"파괴로 정화를…"
317,false,"그놈은 됐어…"
318,false,"집째 박살났거든…"
319,false,"이얍!"
320,false,"울다하는 야만적이야"
321,false,"어디 고장났나…"
322,false,"얼른 가라…"
323,false,"어디 값싼 노동자 없나?"
324,false,"빨리 가요…"
325,false,"부디 자비를…"
326,false,"아야야…"
327,false,"빙~글빙글…"
328,false,"탕탕, 영차…"
329,false,"으음, 사실은"
330,false,"품이 좀 작은데"
331,false,"특별히 부탁한 물건이야"
332,false,"멋지다~"
333,false,"여기는 재봉사 길드입니다"
334,false,"한심해!"
335,false,"꺽…"
336,false,"으~음…"
337,false,"룰루~루♪"
338,false,"거기는 난리도 아냐…"
339,false,"…딸꾹"
340,false,"금제 사슬은…"
341,false,"…휴우"
342,false,"…말 걸지 마"
343,false,"보보오오★서석※※"
344,false,"칼끝을 잘 봐라!"
345,false,"여기는 투기장 대기실이다"
346,false,"헉, 헉…"
347,false,"팔꿈치를 올려"
348,false,"서둘러, 다 떨어지겠어!"
349,false,"여기가 투기장이군…"
350,false,"잘 듣는 약이 되어라…"
351,false,"즉 이 배합은…"
352,false,"Zzz…"
353,false,"또 실험하느라 안 잤어?"
354,false,"열이 있나?"
355,false,"우리 애가 감기에 걸렸어"
356,false,"정말~?"
357,false,"사랑의 묘약을 만들래!"
358,false,"어, 어~?"
359,false,"이 앞은 왕궁이야"
360,false,"내 생각에는…"
361,false,"돈 좀 줄래?"
362,false,"물을 잔뜩 타야지"
363,false,"꼴 좋다!"
364,false,"응? 넌 또 뭐야, 꺼져!"
365,false,"네놈하곤 관계없는 일이야"
366,false,"未使用"
367,false,"옙, 대장님!"
368,false,"너도 그렇게 생각해?"
369,false,"광석이 너무 많지 않아?"
370,false,"그렇게 말씀하시면…"
371,false,"未使用"
372,false,"좀 더 빨리할 순 없어?"
373,false,"未使用"
374,false,"그럼 부탁해"
375,false,"부족해… 또 키키룬 짓인가?"
376,false,"未使用"
377,false,"모험가인가…"
378,false,"未使用"
379,false,"커져라~♪"
380,false,"서쪽, 문제 발생!!"
381,false,"여기요~, 물이에요~♪"
382,false,"그래서…"
383,false,"서쪽, 이상 무"
384,false,"조금만 더~"
385,false,"정말이지, 빨리 가자!"
386,false,"한잔에 10길!"
387,false,"배고파…"
388,false,"난! 유명해! 질 거여!"
389,false,"…일 좀 줘"
390,false,"꿈도 희망도…"
391,false,"잘 먹겠습니다~"
392,false,"未使用"
393,false,"…Zzz…"
394,false,"…콜록콜록"
395,false,"과연…"
396,false,"아직인가~"
397,false,"또 나나와 은광?"
398,false,"반짝반짝◎보석공예가 길드☆입니다"
399,false,"잘 만들었네…"
400,false,"이 앞은 관청 구역이다"
401,false,"뭐 어때서"
402,false,"동부 알데나드 상회가…"
403,false,"빨리 사들이는 게 좋을걸"
404,false,"그랬더니 하인이…"
405,false,"후후후"
406,false,"당분간 못 돌아가"
407,false,"조합은 좀 더 신중하게!"
408,false,"흠흠…"
409,false,"흐~응"
410,false,"흐~음"
411,false,"거대한 루비 원석이…"
412,false,"순찰하러 가야지"
413,false,"그래서 너는…"
414,false,"술에서 누린내가…"
415,false,"자, 잠깐…"
416,false,"아야야…"
417,false,"…쿨럭쿨럭"
418,false,"부탁합니다"
419,false,"일하고 싶다…"
420,false,"未使用"
421,false,"절대로 못해"
422,false,"울다하에서 일만 찾으면…"
423,false,"未使用"
424,false,"여기는 검은솔 들판이다"
425,false,"아, 예…"
426,false,"굶주린 아이가…"
427,false,"未使用"
428,false,"그래, 돈은 있나?"
429,false,"옛 상처가 쑤셔"
430,false,"사세요, 사세요"
431,false,"…배고프다"
432,false,"未使用"
433,false,"언제나 그래…"
434,false,"여기는 울다하라고"
435,false,"오, 어서 와라"
436,false,"영차…"
437,false,"또 실험에 실패했어?"
438,false,"어서 옵쇼!"
439,false,"싸게 드려요!"
440,false,"그럼 집에 갈까?"
441,false,"엄마, 힘들어요~"
442,false,"좀 쉴까"
443,false,"으~음, 다음은…"
444,false,"휴~"
445,false,"쓸모없는 돌 처분이라"
446,false,"아~ 귀찮아"
447,false,"未使用"
448,false,"광석을 너무 많이 담았잖아!"
449,false,"쓸만한 부분이 있나"
450,false,"엄청나게 큰 은광이야"
451,false,"영차…"
452,false,"未使用：荒：会話00251"
453,false,"未使用"
454,false,"그때 내 도끼가 바람을 가르며!"
455,false,"겁쟁이 주제에…"
456,false,"未使用"
457,false,"그렇군…"
458,false,"未使用"
459,false,"정말 대단해!"
460,false,"우물우물…"
461,false,"未使用"
462,false,"아직 멀었어!"
463,false,"실전에서 쓸 수 있다면…"
464,false,"죄, 죄송합니다…"
465,false,"이래서 모험가는"
466,false,"솔깃한 이야기가…"
467,false,"정말?"
468,false,"이 앞은 울다하다"
469,false,"소동을 일으키지 마라"
470,false,"동쪽으로 돌아갈까"
471,false,"서쪽으로 가야겠다"
472,false,"未使用"
473,false,"일하는데 방해하지마"
474,false,"나가서 한잔하고 싶군"
475,false,"가도를 따라가면 은 장터야"
476,false,"랍토르 운수다!"
477,false,"좋아… 아주 좋아"
478,false,"배가 고픈걸"
479,false,"가도 상태는…"
480,false,"未使用480"
481,false,"未使用481"
482,false,"未使用482"
483,false,"응? 이렇게 많이 시켰나?"
484,false,"이용해주세요!"
485,false,"정말이야?"
486,false,"未使用486"
487,false,"未使用487"
488,false,"지금이에요! 나왔어요!"
489,false,"未使用489"
490,false,"혀, 현기증이…"
491,false,"자, 끝났다"
492,false,"未使用492"
493,false,"未使用493"
494,false,"또 이사 갔대"
495,false,"사람이 점점…"
496,false,"…장사 접었어"
497,false,"未使用：荒：会話00296"
498,false,"…장사 접었어"
499,false,"未使用：荒：会話00298"
500,false,"未使用：荒：会話00299"
501,false,"未使用：荒：会話00300"
502,false,"무, 무, 무슨 일이세요!?"
503,false,"으, 으윽…"
504,false,"헉, 헉…"
505,false,"부, 부두를 부탁해…"
506,false,"냥 큰일이다냥"
507,false,"스, 승리호가…"
508,false,"해, 해적 놈들이…"
509,false,"히익! 도와줘~"
510,false,"이를 어째!"
511,false,"물건 좀 챙기고…"
512,false,"未使用：海：会話00011"
513,false,"未使用：海：会話00012"
514,false,"未使用：海：会話00013"
515,false,"감사합니다"
516,false,"未使用：海：会話00015"
517,false,"未使用：海：会話00016"
518,false,"未使用：海：会話00017"
519,false,"큰 꿈이군"
520,false,"未使用：海：会話00019"
521,false,"우두머리가 될 거야"
522,false,"뭐든 하겠어"
523,false,"未使用：海：会話00022"
524,false,"未使用：海：会話00023"
525,false,"未使用：海：会話00024"
526,false,"未使用：海：会話00025"
527,false,"배는 목재가 중요해…"
528,false,"未使用：海：会話00027"
529,false,"未使用：海：会話00028"
530,false,"이상 무…"
531,false,"未使用：海：会話00030"
532,false,"未使用：海：会話00031"
533,false,"未使用：海：会話00032"
534,false,"未使用：海：会話00033"
535,false,"넓다~!"
536,false,"접수처가…"
537,false,"또 신입인가…"
538,false,"未使用：海：会話00037"
539,false,"선체의 곡선이 황홀해"
540,false,"아름다운 배야"
541,false,"未使用：海：会話00040"
542,false,"未使用：海：会話00041"
543,false,"未使用：海：会話00042"
544,false,"未使用：海：会話00043"
545,false,"빨래에서 냄새가…"
546,false,"이 쥐새끼가!"
547,false,"또 갉아먹었어"
548,false,"未使用：海：会話00047"
549,false,"나무못이 도착했어~"
550,false,"부리기 나름이야"
551,false,"요즘 신입들은 말이야…"
552,false,"알았어"
553,false,"오두막으로 옮겨"
554,false,"전부 신선해요"
555,false,"맥주 한잔 어때!?"
556,false,"금방 나을 거야"
557,false,"작업하다 다쳤다며?"
558,false,"타르는 충분하군"
559,false,"다음 배는…"
560,false,"얼른 옮기자"
561,false,"未使用：海：会話00060"
562,false,"未使用：海：会話00061"
563,false,"수리하실 겁니까?"
564,false,"쉬는 날이야"
565,false,"수리 의뢰뿐이네"
566,false,"또!?"
567,false,"시선이 느껴져…"
568,false,"未使用：海：会話00067"
569,false,"未使用：海：会話00068"
570,false,"未使用：海：会話00069"
571,false,"未使用：海：会話00070"
572,false,"처음 보는 배네…"
573,false,"육포가 인기야"
574,false,"힘쓰는 일이거든"
575,false,"이 자식은 또 늦네"
576,false,"못 써먹겠어"
577,false,"너무 무리했어"
578,false,"바다를 보니 좋네…"
579,false,"未使用：海：会話00078"
580,false,"未使用：海：会話00079"
581,false,"未使用：海：会話00080"
582,false,"피부가 상하겠어"
583,false,"나도…"
584,false,"오늘도 야근이야"
585,false,"未使用：海：会話00084"
586,false,"어떤 아이로 할까…"
587,false,"未使用：海：会話00086"
588,false,"未使用：海：会話00087"
589,false,"未使用：海：会話00088"
590,false,"未使用：海：会話00089"
591,false,"未使用：海：会話00090"
592,false,"未使用：海：会話00091"
593,false,"아, 지나갑시다"
594,false,"未使用：海：会話00093"
595,false,"未使用：海：会話00094"
596,false,"未使用：海：会話00095"
597,false,"未使用：海：会話00096"
598,false,"未使用：海：会話00097"
599,false,"未使用：海：会話00098"
600,false,"未使用：海：会話00099"
601,false,"未使用：海：会話00100"
602,false,"未使用：海：会話00101"
603,false,"未使用：海：会話00102"
604,false,"未使用：海：会話00103"
605,false,"未使用：海：会話00104"
606,false,"수상한 짐이군…"
607,false,"이것뿐만이 아니야…"
608,false,"젠장!"
609,false,"윽, 부족해…"
610,false,"未使用：海：会話00109"
611,false,"未使用：海：会話00110"
612,false,"未使用：海：会話00111"
613,false,"아~ 지루해~"
614,false,"안 잡히네"
615,false,"맛없는 술이군"
616,false,"일만 있으면…"
617,false,"왜 안 되는 거야"
618,false,"민폐라고!"
619,false,"음, 음"
620,false,"돈만 있으면 돼"
621,false,"가능해?"
622,false,"未使用622"
623,false,"휴우… 하아…"
624,false,"未使用624"
625,false,"未使用625"
626,false,"싫어"
627,false,"한 번만 더!"
628,false,"준비됐어?"
629,false,"이 앞은 폐쇄됐다"
630,false,"어느 브랜드 옷이야?"
631,false,"괜찮지?"
632,false,"그쯤은 나도!"
633,false,"분명 잔돈이…"
634,false,"未使用634"
635,false,"…너도냐"
636,false,"다른 데서 장사하자"
637,false,"얼마 안 남았네…"
638,false,"未使用638"
639,false,"더러운 손으로 가구를 만지지 마"
640,false,"未使用640"
641,false,"어… 어?"
642,false,"획기적인 공법으로…"
643,false,"시찰 중이다"
644,false,"방해하지 마라"
645,false,"이래서 부자들은…"
646,false,"쉿, 조용히 해"
647,false,"머리가 다 아프네…"
648,false,"금방 익숙해질 거야"
649,false,"未使用649"
650,false,"흠…"
651,false,"未使用651"
652,false,"좀 늦는걸?"
653,false,"넋 놓고 있지 마"
654,false,"아, 알았어"
655,false,"겨우 쉬겠네"
656,false,"톱니바퀴 청소도 힘들어"
657,false,"말이 다르잖아!"
658,false,"응? 왠지 가볍네"
659,false,"낡아서 상태가 안 좋군"
660,false,"어디에 둘까요~?"
661,false,"으으으으으음"
662,false,"거래는 끝이다"
663,false,"주문대로 만들었어요"
664,false,"未使用664"
665,false,"뒤틀린 부분은 없겠지?"
666,false,"未使用666"
667,false,"未使用667"
668,false,"그래서…"
669,false,"너 또…"
670,false,"룰루~루♪"
671,false,"약속이 다르잖아"
672,false,"조금만 더!"
673,false,"未使用673"
674,false,"未使用674"
675,false,"未使用：荒：会話00363"
676,false,"으~음…"
677,false,"어디 갔을까…"
678,false,"배가 안 오네"
679,false,"그르렁…"
680,false,"未使用"
681,false,"그만두라니까"
682,false,"광부가 코브란을 무서워하냐!"
683,false,"무슨 일이야?"
684,false,"안쪽은 위험해"
685,false,"장사가 잘되네"
686,false,"설마 자릿 수 하나 틀렸나…"
687,false,"쿨~… 쿨~…"
688,false,"이상 없…겠지"
689,false,"마물아 제발 여기로 오지마"
690,false,"싸요, 싸!"
691,false,"놓치면 손해에요!"
692,false,"당신, 허가는 받았어?"
693,false,"서두르지 마"
694,false,"기름 냄새!"
695,false,"어? 화물이 부족하네"
696,false,"으아아아아!"
697,false,"좀 봐줘, 구두쇠~!"
698,false,"네 마음 먹기 나름이지"
699,false,"그래서? 언제 오는데?"
700,false,"불만은 혼자 조용히 풀어"
701,false,"동광은 폐쇄되겠지…"
702,false,"고고학은 낭만이 있어!"
703,false,"未使用"
704,false,"유적 조사하러 가고 싶다…"
705,false,"또 시작이다…"
706,false,"빠짐없이 신고하세용"
707,false,"未使用"
708,false,"여기에 서명해"
709,false,"물품 검사대는 안쪽이다"
710,false,"未使用710"
711,false,"골수까지 털리겠어"
712,false,"未使用"
713,false,"한 줄로 서!"
714,false,"未使用"
715,false,"고생 많았어"
716,false,"未使用"
717,false,"未使用"
718,false,"未使用"
719,false,"돈값은 해야겠지"
720,false,"휴~ 잠깐 쉬어야지"
721,false,"성황, 성황!"
722,false,"대표만 들어가라"
723,false,"말단관리 주제에…"
724,false,"쿠엣?"
725,false,"자, 슬슬 출발할까"
726,false,"와, 멋진 초코보다"
727,false,"未使用"
728,false,"휴, 끝났다……"
729,false,"관세 너무 비싸!"
730,false,"…휴우"
731,false,"未使用710"
732,false,"…쿠울…"
733,false,"이 양식은…"
734,false,"아주 조심히 다루게"
735,false,"벨라흐디아 시대의 유적인가"
736,false,"고고학은 의외로 지루해"
737,false,"오, 이건 설마…"
738,false,"으아, 이끼가 미끌미끌"
739,false,"이런 조사가 돈이 되려나"
740,false,"너야, 너…"
741,false,"뭘 낚으려고?"
742,false,"저녁거리라도…"
743,false,"송사리만 잡히네"
744,false,"한나절이면 끝나겠어"
745,false,"내가 물리쳐주마!"
746,false,"겁쟁이 주제에 큰소리는"
747,false,"다음번까지 버티려나…"
748,false,"배고프다~"
749,false,"나도 옛날엔 선주였다고"
750,false,"젠장, 미끼만 날렸네"
751,false,"이 어촌은 글렀어"
752,false,"때가 된 거지"
753,false,"도시에 가서 돈을 벌 거야"
754,false,"未使用"
755,false,"未使用"
756,false,"이 고기 맛이 없군"
757,false,"캬하하하하하하!"
758,false,"술, 술 가져와!"
759,false,"未使用：荒：会話00447"
760,false,"未使用：荒：会話00448"
761,false,"未使用：荒：会話00449"
762,false,"未使用：荒：会話00450"
763,false,"未使用：荒：会話00451"
764,false,"未使用：荒：会話00452"
765,false,"未使用：荒：会話00453"
766,false,"未使用：荒：会話00454"
767,false,"未使用：荒：会話00455"
768,false,"未使用：荒：会話00456"
769,false,"未使用：荒：会話00457"
770,false,"未使用：荒：会話00458"
771,false,"未使用：荒：会話00459"
772,false,"未使用：荒：会話00460"
773,false,"이상 무!"
774,false,"未使用：荒：会話00462"
775,false,"未使用：荒：会話00463"
776,false,"귀한 술도 잔뜩 있어"
777,false,"未使用：荒：会話00465"
778,false,"未使用：荒：会話00466"
779,false,"未使用：荒：会話00467"
780,false,"未使用：荒：会話00468"
781,false,"未使用：荒：会話00469"
782,false,"未使用：荒：会話00470"
783,false,"未使用：荒：会話00471"
784,false,"未使用：荒：会話00472"
785,false,"으앗~!"
786,false,"未使用：荒：会話00474"
787,false,"未使用：荒：会話00475"
788,false,"未使用：荒：会話00476"
789,false,"다음은 라노시아 오렌지를"
790,false,"에이…"
791,false,"未使用：荒：会話00479"
792,false,"未使用：荒：会話00480"
793,false,"未使用：荒：会話00481"
794,false,"곧 출항합니다"
795,false,"다음 출항은 언제죠?"
796,false,"未使用：荒：会話00484"
797,false,"未使用：荒：会話00485"
798,false,"未使用：荒：会話00486"
799,false,"未使用：荒：会話00487"
800,false,"未使用：荒：会話00488"
801,false,"未使用：荒：会話00489"
802,false,"未使用：荒：会話00490"
803,false,"未使用：荒：会話00491"
804,false,"굉장하지!?"
805,false,"未使用：荒：会話00493"
806,false,"未使用：荒：会話00494"
807,false,"未使用：荒：会話00495"
808,false,"未使用：荒：会話00496"
809,false,"未使用：荒：会話00497"
810,false,"未使用：荒：会話00498"
811,false,"未使用：荒：会話00499"
812,false,"未使用：荒：会話00500"
813,false,"未使用：荒：会話00501"
814,false,"未使用：荒：会話00502"
815,false,"未使用：荒：会話00503"
816,false,"未使用：荒：会話00504"
817,false,"未使用：荒：会話00505"
818,false,"未使用：荒：会話00506"
819,false,"未使用：荒：会話00507"
820,false,"未使用：荒：会話00508"
821,false,"未使用：荒：会話00509"
822,false,"未使用：荒：会話00510"
823,false,"未使用：荒：会話00511"
824,false,"未使用：荒：会話00512"
825,false,"未使用：荒：会話00513"
826,false,"未使用：荒：会話00514"
827,false,"未使用：荒：会話00515"
828,false,"未使用：荒：会話00516"
829,false,"未使用：荒：会話00517"
830,false,"未使用：荒：会話00518"
831,false,"未使用：荒：会話00519"
832,false,"未使用：荒：会話00520"
833,false,"未使用：荒：会話00521"
834,false,"未使用：荒：会話00522"
835,false,"未使用：荒：会話00523"
836,false,"이봐, 돈 좀 빌려줘"
837,false,"나도 일하고 싶거든"
838,false,"우히히, 귀여운 몽상화~"
839,false,"쳇, 다 쓰레기야"
840,false,"너 혹시 키브론의 동료야?"
841,false,"배고프다"
842,false,"未使用"
843,false,"未使用"
844,false,"이젠… 아무래도 좋아"
845,false,"소매가는…"
846,false,"未使用"
847,false,"未使用"
848,false,"未使用"
849,false,"아, 아무 짓도 안 했어"
850,false,"未使用850"
851,false,"죽겠군…"
852,false,"등이 아파"
853,false,"허리에 힘을 더 줘!"
854,false,"未使用854"
855,false,"未使用855"
856,false,"헤엄치고 싶다!"
857,false,"좀 더 안쪽까지…"
858,false,"가스를 조심해"
859,false,"너무 마셨다…"
860,false,"未使用860"
861,false,"未使用861"
862,false,"고기가 이제 없어"
863,false,"未使用863"
864,false,"그래…"
865,false,"이 앞은 위험지대다"
866,false,"未使用866"
867,false,"未使用867"
868,false,"未使用868"
869,false,"未使用869"
870,false,"어깨가 무겁군"
871,false,"긴장 풀지 마"
872,false,"단단히 경비하라!"
873,false,"개인 거래는 안 해"
874,false,"여기는 세관입니다"
875,false,"옙!"
876,false,"未使用876"
877,false,"옳지, 옳지"
878,false,"未使用878"
879,false,"흠흠…"
880,false,"나한테 맡겨"
881,false,"검이 구부러졌어"
882,false,"未使用882"
883,false,"未使用883"
884,false,"옙!"
885,false,"방심하면 죽는다!"
886,false,"未使用886"
887,false,"이 안쪽은 상점이다"
888,false,"조용히…"
889,false,"기분 탓인가…"
890,false,"내일이 비번이군"
891,false,"未使用891"
892,false,"未使用892"
893,false,"未使用893"
894,false,"未使用894"
895,false,"未使用895"
896,false,"未使用896"
897,false,"未使用897"
898,false,"별 이상 없군…"
899,false,"未使用899"
900,false,"未使用900"
901,false,"未使用901"
902,false,"未使用902"
903,false,"未使用903"
904,false,"제국 병사를 조심해"
905,false,"마음껏 먹어"
906,false,"안개가…"
907,false,"未使用907"
908,false,"조심해"
909,false,"未使用909"
910,false,"未使用910"
911,false,"未使用911"
912,false,"未使用912"
913,false,"未使用913"
914,false,"未使用914"
915,false,"未使用915"
916,false,"未使用916"
917,false,"방심하면 안 돼"
918,false,"제국 병사가 근처에 있다"
919,false,"未使用919"
920,false,"未使用920"
921,false,"未使用921"
922,false,"未使用922"
923,false,"未使用923"
924,false,"未使用924"
925,false,"긴장하는 바람에…"
926,false,"계속 움직여!"
927,false,"…방해하지 마"
928,false,"제국 병사가 언제 나타날지…"
929,false,"未使用929"
930,false,"未使用930"
931,false,"으~음…"
932,false,"방심할 수 없어"
933,false,"매일 전쟁이야"
934,false,"수상한 점은…"
935,false,"未使用935"
936,false,"未使用936"
937,false,"未使用937"
938,false,"未使用938"
939,false,"공장 내는 출입금지다"
940,false,"未使用940"
941,false,"으음…"
942,false,"未使用942"
943,false,"지금 예민하니까 건들지 마"
944,false,"未使用944"
945,false,"未使用945"
946,false,"未使用946"
947,false,"넌 뭐야!?"
948,false,"덤벼!"
949,false,"흥, 흥"
950,false,"未使用950"
951,false,"…좋아"
952,false,"未使用952"
953,false,"제법이네"
954,false,"未使用954"
955,false,"어때?"
956,false,"未使用955"
957,false,"未使用956"
958,false,"未使用957"
959,false,"未使用958"
960,false,"未使用959"
961,false,"未使用960"
962,false,"未使用961"
963,false,"未使用962"
964,false,"未使用963"
965,false,"未使用964"
966,false,"이상 무"
967,false,"축이 어긋났어!"
968,false,"未使用968"
969,false,"제국 병사에게 함부로 다가가지 마라"
970,false,"경계 중이다, 어슬렁거리지 마라"
971,false,"여기는 청린 정제공장이다"
972,false,"未使用972"
973,false,"未使用973"
974,false,"未使用974"
975,false,"未使用975"
976,false,"未使用976"
977,false,"未使用977"
978,false,"호위는 맡기겠다"
979,false,"반출 예정일이…"
980,false,"슬슬 교대 시간이네"
981,false,"未使用：荒：会話00669"
982,false,"未使用：荒：会話00670"
983,false,"未使用：荒：会話00671"
984,false,"未使用：荒：会話00672"
985,false,"未使用：荒：会話00673"
986,false,"未使用：荒：会話00674"
987,false,"未使用：荒：会話00675"
988,false,"未使用：荒：会話00676"
989,false,"未使用：荒：会話00677"
990,false,"未使用：荒：会話00678"
991,false,"未使用：荒：会話00679"
992,false,"未使用：荒：会話00680"
993,false,"未使用：荒：会話00681"
994,false,"未使用：荒：会話00682"
995,false,"未使用：荒：会話00683"
996,false,"未使用：荒：会話00684"
997,false,"내세에선 행복하길…"
998,false,"날 두고 가지 마…!"
999,false,"未使用：荒：会話00687"
1000,false,"끝이 없어"
1001,false,"…………"
1002,false,"未使用"
1003,false,"기도합시다"
1004,false,"알겠습니다"
1005,false,"시체 운반 중인가?"
1006,false,"영차…"
1007,false,"건질만 한 물건이 있나~?"
1008,false,"서둘러줘"
1009,false,"주문한 대로 준비해줘"
1010,false,"뭐야…"
1011,false,"…사려고?"
1012,false,"달 신께서 인도하시길…"
1013,false,"전쟁의 신 할로네여<br>내 충의를 견고한 방패로!"
1014,false,"전쟁의 신 할로네여<br>내 충의를 거대한 검으로!"
1015,false,"시비 붙었다~!"
1016,false,"이겨라!"
1017,false,"헤헤, 싸워라, 싸워!"
1018,false,"받아라!"
1019,false,"이게!"
1020,false,"이 자식!"
1021,false,"이건 어떠냐!"
1022,false,"오오오오오!"
1023,false,"오오오오오오!"
1024,false,"흠…"
1025,false,"교회에 볼일 있나?"
1026,false,"이상 무"
1027,false,"저희 가게에서 쉬세요"
1028,false,"그럴까…"
1029,false,"아무도 안 봐…"
1030,false,"검은장막 숲을 지나가자"
1031,false,"괜찮아?"
1032,false,"마중이 안 오네~"
1033,false,"그런가~"
1034,false,"재미없는 곳이야"
1035,false,"…어"
1036,false,"푹 쉬다 가게"
1037,false,"쿠엣"
1038,false,"으갹~!"
1039,false,"아무리 일해도…"
1040,false,"이번엔 또 무슨 일이야?"
1041,false,"다음 정찰은…"
1042,false,"끈질기네"
1043,false,"또 그 상인인가…"
1044,false,"未使用1044"
1045,false,"未使用1045"
1046,false,"아말쟈 따위 뭐가 무서워!"
1047,false,"역시 대단해!"
1048,false,"이미 죽었어"
1049,false,"하지만…"
1050,false,"未使用：荒：会話00727"
1051,false,"未使用：荒：会話00728"
1052,false,"어서 옵쇼"
1053,false,"못 해먹겠네~"
1054,false,"룰루~루♪"
1055,false,"웅얼…"
1056,false,"울다하로 돌아갈래"
1057,false,"어디더라…"
1058,false,"교회로 옮깁시다"
1059,false,"예…"
1060,false,"未使用：荒：会話00737"
1061,false,"또 둘이나…"
1062,false,"괜한 짓 말아라"
1063,false,"으으음…"
1064,false,"未使用：荒：会話00741"
1065,false,"未使用：荒：会話00742"
1066,false,"심각하네…"
1067,false,"다음엔 안쪽을 파자"
1068,false,"쓸모없는 돌은 버렸지?"
1069,false,"정신 바짝 차려"
1070,false,"시장에 활기를 불어넣어요"
1071,false,"당신도 참…"
1072,false,"내가 왜…"
1073,false,"유적은 멋지지"
1074,false,"그럼 다행인데"
1075,false,"가능성은 높아…"
1076,false,"미스릴을 반드시…!"
1077,false,"그래!"
1078,false,"일확천금이다"
1079,false,"손님… 손님…"
1080,false,"돈… 돈…"
1081,false,"그래서~"
1082,false,"어머~"
1083,false,"걱정마…"
1084,false,"이, 이쪽 본다…"
1085,false,"未使用：荒：会話00762"
1086,false,"未使用：荒：会話00763"
1087,false,"未使用：荒：会話00764"
1088,false,"음, 이상 무"
1089,false,"未使用：荒：会話00766"
1090,false,"未使用：荒：会話00767"
1091,false,"未使用：荒：会話00768"
1092,false,"배고프다…"
1093,false,"未使用：荒：会話00770"
1094,false,"그쯤은 나도 알아…"
1095,false,"자랑스런 알라미고의 후예다!"
1096,false,"未使用：荒：会話00773"
1097,false,"너도 차별주의자야?"
1098,false,"흥!"
1099,false,"未使用：荒：会話00776"
1100,false,"돌아갈 고향 따윈 없어!"
1101,false,"진정해…"
1102,false,"未使用：荒：会話00779"
1103,false,"옛 상처가…"
1104,false,"未使用：荒：会話00781"
1105,false,"未使用：荒：会話00782"
1106,false,"未使用：荒：会話00783"
1107,false,"불멸대의 비밀 특훈이다!"
1108,false,"未使用：荒：会話00785"
1109,false,"未使用：荒：会話00786"
1110,false,"未使用：荒：会話00787"
1111,false,"옙!"
1112,false,"未使用：荒：会話00789"
1113,false,"未使用：荒：会話00790"
1114,false,"이욥!"
1115,false,"未使用：荒：会話00792"
1116,false,"이얍!"
1117,false,"정신 바짝 차려!"
1118,false,"未使用：荒：会話00795"
1119,false,"未使用：荒：会話00796"
1120,false,"未使用：荒：会話00797"
1121,false,"未使用：荒：会話00798"
1122,false,"未使用：荒：会話00799"
1123,false,"未使用：荒：会話00800"
1124,false,"未使用：荒：会話00801"
1125,false,"未使用：荒：会話00802"
1126,false,"노점은 안쪽이야"
1127,false,"수작 부리지 마라"
1128,false,"未使用：荒：会話00805"
1129,false,"未使用：荒：会話00806"
1130,false,"未使用：荒：会話00807"
1131,false,"백발백중!"
1132,false,"대단해~!"
1133,false,"다음에는 뭘 맞출까"
1134,false,"큰 게 좋아~"
1135,false,"未使用：荒：会話00812"
1136,false,"未使用：荒：会話00813"
1137,false,"未使用：荒：会話00814"
1138,false,"未使用：荒：会話00815"
1139,false,"未使用：荒：会話00816"
1140,false,"未使用：荒：会話00817"
1141,false,"적의 움직임을 읽어"
1142,false,"아, 저, 저기…"
1143,false,"未使用：荒：会話00820"
1144,false,"未使用：荒：会話00821"
1145,false,"다음 사냥감은…"
1146,false,"태우지 마!"
1147,false,"未使用：荒：会話00824"
1148,false,"마물이 안 오길…!"
1149,false,"未使用：荒：会話00826"
1150,false,"未使用：荒：会話00827"
1151,false,"未使用：荒：会話00828"
1152,false,"未使用：荒：会話00829"
1153,false,"未使用：荒：会話00830"
1154,false,"未使用：荒：会話00831"
1155,false,"未使用：荒：会話00832"
1156,false,"아, 어지러워…"
1157,false,"모래가…"
1158,false,"未使用：荒：会話00835"
1159,false,"未使用：荒：会話00836"
1160,false,"未使用：荒：会話00837"
1161,false,"어기영차! 어기영차!"
1162,false,"未使用：荒：会話00839"
1163,false,"未使用：荒：会話00840"
1164,false,"未使用：荒：会話00841"
1165,false,"未使用：荒：会話00842"
1166,false,"未使用：荒：会話00843"
1167,false,"未使用：荒：会話00844"
1168,false,"未使用：荒：会話00845"
1169,false,"未使用：荒：会話00846"
1170,false,"未使用：荒：会話00847"
1171,false,"未使用：荒：会話00848"
1172,false,"未使用：荒：会話00849"
1173,false,"未使用：荒：会話00850"
1174,false,"未使用：荒：会話00851"
1175,false,"未使用：荒：会話00852"
1176,false,"未使用：荒：会話00853"
1177,false,"未使用：荒：会話00854"
1178,false,"未使用：荒：会話00855"
1179,false,"未使用：荒：会話00856"
1180,false,"未使用：荒：会話00857"
1181,false,"未使用：荒：会話00858"
1182,false,"未使用：荒：会話00859"
1183,false,"未使用：荒：会話00860"
1184,false,"未使用：荒：会話00861"
1185,false,"未使用：荒：会話00862"
1186,false,"未使用：荒：会話00863"
1187,false,"未使用：荒：会話00864"
1188,false,"未使用：荒：会話00865"
1189,false,"未使用：荒：会話00866"
1190,false,"未使用：荒：会話00867"
1191,false,"未使用：荒：会話00868"
1192,false,"未使用：荒：会話00869"
1193,false,"未使用：荒：会話00870"
1194,false,"未使用：荒：会話00871"
1195,false,"未使用：荒：会話00872"
1196,false,"未使用：荒：会話00873"
1197,false,"未使用：荒：会話00874"
1198,false,"未使用：荒：会話00875"
1199,false,"未使用：荒：会話00876"
1200,false,"未使用：荒：会話00877"
1201,false,"未使用：荒：会話00878"
1202,false,"未使用：荒：会話00879"
1203,false,"未使用：荒：会話00880"
1204,false,"未使用：荒：会話00881"
1205,false,"未使用：荒：会話00882"
1206,false,"未使用：荒：会話00883"
1207,false,"未使用：荒：会話00884"
1208,false,"未使用：荒：会話00885"
1209,false,"未使用：荒：会話00886"
1210,false,"未使用：荒：会話00887"
1211,false,"未使用：荒：会話00888"
1212,false,"未使用：荒：会話00889"
1213,false,"未使用：荒：会話00890"
1214,false,"未使用：荒：会話00891"
1215,false,"未使用：荒：会話00892"
1216,false,"未使用：荒：会話00893"
1217,false,"未使用：荒：会話00894"
1218,false,"未使用：荒：会話00895"
1219,false,"未使用：荒：会話00896"
1220,false,"未使用：荒：会話00897"
1221,false,"未使用：荒：会話00898"
1222,false,"未使用：荒：会話00899"
1223,false,"未使用：荒：会話00900"
1224,false,"未使用：荒：会話00901"
1225,false,"未使用：荒：会話00902"
1226,false,"未使用：荒：会話00903"
1227,false,"未使用：荒：会話00904"
1228,false,"未使用：荒：会話00905"
1229,false,"未使用：荒：会話00906"
1230,false,"未使用：荒：会話00907"
1231,false,"未使用：荒：会話00908"
1232,false,"未使用：荒：会話00909"
1233,false,"未使用：荒：会話00910"
1234,false,"未使用：荒：会話00911"
1235,false,"未使用：荒：会話00912"
1236,false,"未使用：荒：会話00913"
1237,false,"未使用：荒：会話00914"
1238,false,"未使用：荒：会話00915"
1239,false,"未使用：荒：会話00916"
1240,false,"未使用：荒：会話00917"
1241,false,"未使用：荒：会話00918"
1242,false,"未使用：荒：会話00919"
1243,false,"未使用：荒：会話00920"
1244,false,"未使用：荒：会話00921"
1245,false,"未使用：荒：会話00922"
1246,false,"未使用：荒：会話00923"
1247,false,"未使用：荒：会話00924"
1248,false,"未使用：荒：会話00925"
1249,false,"未使用：荒：会話00926"
1250,false,"未使用：荒：会話00927"
1251,false,"未使用：荒：会話00928"
1252,false,"未使用：荒：会話00929"
1253,false,"未使用：荒：会話00930"
1254,false,"未使用：荒：会話00931"
1255,false,"未使用：荒：会話00932"
1256,false,"未使用：荒：会話00933"
1257,false,"未使用：荒：会話00934"
1258,false,"未使用：荒：会話00935"
1259,false,"未使用：荒：会話00936"
1260,false,"未使用：荒：会話00937"
1261,false,"未使用：荒：会話00938"
1262,false,"未使用：荒：会話00939"
1263,false,"未使用：荒：会話00940"
1264,false,"未使用：荒：会話00941"
1265,false,"未使用：荒：会話00942"
1266,false,"未使用：荒：会話00943"
1267,false,"未使用：荒：会話00944"
1268,false,"未使用：荒：会話00945"
1269,false,"未使用：荒：会話00946"
1270,false,"未使用：荒：会話00947"
1271,false,"未使用：荒：会話00948"
1272,false,"未使用：荒：会話00949"
1273,false,"未使用：荒：会話00950"
1274,false,"未使用：荒：会話00951"
1275,false,"未使用：荒：会話00952"
1276,false,"未使用：荒：会話00953"
1277,false,"未使用：荒：会話00954"
1278,false,"未使用：荒：会話00955"
1279,false,"未使用：荒：会話00956"
1280,false,"未使用：荒：会話00957"
1281,false,"未使用：荒：会話00958"
1282,false,"未使用：荒：会話00959"
1283,false,"未使用：荒：会話00960"
1284,false,"未使用：荒：会話00961"
1285,false,"未使用：荒：会話00962"
1286,false,"未使用：荒：会話00963"
1287,false,"未使用：荒：会話00964"
1288,false,"未使用：荒：会話00965"
1289,false,"未使用：荒：会話00966"
1290,false,"未使用：荒：会話00967"
1291,false,"未使用：荒：会話00968"
1292,false,"未使用：荒：会話00969"
1293,false,"未使用：荒：会話00970"
1294,false,"未使用：荒：会話00971"
1295,false,"未使用：荒：会話00972"
1296,false,"未使用：荒：会話00973"
1297,false,"未使用：荒：会話00974"
1298,false,"未使用：荒：会話00975"
1299,false,"未使用：荒：会話00976"
1300,false,"未使用：荒：会話00977"
1301,false,"未使用：荒：会話00978"
1302,false,"未使用：荒：会話00979"
1303,false,"未使用：荒：会話00980"
1304,false,"未使用：荒：会話00981"
1305,false,"未使用：荒：会話00982"
1306,false,"未使用：荒：会話00983"
1307,false,"未使用：荒：会話00984"
1308,false,"未使用：荒：会話00985"
1309,false,"未使用：荒：会話00986"
1310,false,"未使用：荒：会話00987"
1311,false,"未使用：荒：会話00988"
1312,false,"未使用：荒：会話00989"
1313,false,"未使用：荒：会話00990"
1314,false,"未使用：荒：会話00991"
1315,false,"未使用：荒：会話00992"
1316,false,"未使用：荒：会話00993"
1317,false,"未使用：荒：会話00994"
1318,false,"未使用：荒：会話00995"
1319,false,"未使用：荒：会話00996"
1320,false,"未使用：荒：会話00997"
1321,false,"未使用：荒：会話00998"
1322,false,"未使用：荒：会話00999"
1323,false,"未使用：荒：会話01000"
1324,false,"꺼져라!!"
1325,false,"죽어!!"
1326,false,"받아라!"
1327,false,"빌어먹을!"
1328,false,"이건 어떠냐!"
1329,false,"이얏!"
1330,false,"꺼져!!"
1331,false,"죽어!"
1332,false,"받아라앗!"
1333,false,"왕가를 위해!"
1334,false,"새파란 놈에게 질 순 없지!"
1335,false,"이엽!"
1336,false,"받아라!"
1337,false,"으쌰!"
1338,false,"죽어라!"
1339,false,"어딜!"
1340,false,"해적 잔당 놈들아!"
1341,false,"내가 심판해주마!"
1342,false,"으랴!"
1343,false,"아쵸오오오!!"
1344,false,"이건 어떠냐?"
1345,false,"이얍!"
1346,false,"비공정은 우리 거다!"
1347,false,"비공정을 되찾자!"
1348,false,"제국 병사 놈!"
1349,false,"에오르제아에서<br>꺼져라!"
1350,false,"눈 찌르기다, 쨔샤!"
1351,false,"죽어라!"
1352,false,"엿차!"
1353,false,"이거나 먹어라!"
1354,false,"목숨을 걸고<br>네놈을 쓰러뜨린다!"
1355,false,"으랏챠!"
1356,false,"겨우 그 정도냐, 알디스!"
1357,false,"어둠을 숭배하고… 죽음을 찬미하라…!"
1358,false,"아침에 잡은 물고기예요~!"
1359,false,"어디 보자……"
1360,false,"정말 신선하네"
1361,false,"未使用：海：会話00854"
1362,false,"바다에서 폭풍을 만났어"
1363,false,"멋지다 무사하잖아"
1364,false,"선물은?"
1365,false,"未使用：海：会話00858"
1366,false,"그럴 리 없다니까요"
1367,false,"난 모르는 일이에요"
1368,false,"뭘 쳐다봐!"
1369,false,"바보 아냐?"
1370,false,"혼나고 싶냐?"
1371,false,"저리 꺼져!"
1372,false,"어차피 다 내 탓이야…"
1373,false,"未使用：海：会話00866"
1374,false,"未使用：海：会話00867"
1375,false,"좋은 거 할까요~?"
1376,false,"우후후후"
1377,false,"에헤헤헤"
1378,false,"未使用：海：会話00871"
1379,false,"다신 하지 마!"
1380,false,"세관이 어디지…"
1381,false,"세관 검사는 얼마나 걸리지?"
1382,false,"세율 참 높구먼…"
1383,false,"未使用：海：会話00876"
1384,false,"으쌰아아아!"
1385,false,"휙~ 휙~"
1386,false,"잘한다~ 하하하"
1387,false,"자, 덤벼라!"
1388,false,"싸워라!"
1389,false,"좀이 쑤시는군"
1390,false,"다음 상대도 만만치 않아"
1391,false,"살아있는 인간이니까"
1392,false,"으음, 입질이 안 와…"
1393,false,"…………지금이다!"
1394,false,"살기가 넘치는군… 이상 무!"
1395,false,"좋아… 순조로워…"
1396,false,"우리 편이… 또 이겼군"
1397,false,"음, 포도주가…"
1398,false,"상했군…"
1399,false,"올라가지 마…"
1400,false,"또 이렇게…"
1401,false,"이번엔 그나마…"
1402,false,"未使用：海：会話00895"
1403,false,"未使用：海：会話00896"
1404,false,"未使用：海：会話00897"
1405,false,"未使用：海：会話00898"
1406,false,"未使用：海：会話00899"
1407,false,"未使用：海：会話00900"
1408,false,"未使用：海：会話00901"
1409,false,"未使用：海：会話00902"
1410,false,"未使用：海：会話00903"
1411,false,"未使用：海：会話00904"
1412,false,"未使用：海：会話00905"
1413,false,"未使用：海：会話00906"
1414,false,"未使用：海：会話00907"
1415,false,"未使用：海：会話00908"
1416,false,"未使用：海：会話00909"
1417,false,"未使用：海：会話00910"
1418,false,"未使用：海：会話00911"
1419,false,"未使用：海：会話00912"
1420,false,"未使用：海：会話00913"
1421,false,"未使用：海：会話00914"
1422,false,"未使用：海：会話00915"
1423,false,"未使用：海：会話00916"
1424,false,"未使用：海：会話00917"
1425,false,"未使用：海：会話00918"
1426,false,"未使用：海：会話00919"
1427,false,"未使用：海：会話00920"
1428,false,"未使用：海：会話00921"
1429,false,"未使用：海：会話00922"
1430,false,"未使用：海：会話00923"
1431,false,"未使用：海：会話00924"
1432,false,"未使用：海：会話00925"
1433,false,"未使用：海：会話00926"
1434,false,"未使用：海：会話00927"
1435,false,"未使用：海：会話00928"
1436,false,"未使用：海：会話00929"
1437,false,"未使用：海：会話00930"
1438,false,"未使用：海：会話00931"
1439,false,"未使用：海：会話00932"
1440,false,"未使用：海：会話00933"
1441,false,"未使用：海：会話00934"
1442,false,"未使用：海：会話00935"
1443,false,"未使用：海：会話00936"
1444,false,"未使用：海：会話00937"
1445,false,"未使用：海：会話00938"
1446,false,"未使用：海：会話00939"
1447,false,"未使用：海：会話00940"
1448,false,"未使用：海：会話00941"
1449,false,"未使用：海：会話00942"
1450,false,"未使用：海：会話00943"
1451,false,"未使用：海：会話00944"
1452,false,"이 돼지는 잘도 먹네"
1453,false,"未使用：海：会話00946"
1454,false,"未使用：海：会話00947"
1455,false,"未使用：海：会話00948"
1456,false,"未使用：海：会話00949"
1457,false,"未使用：海：会話00950"
1458,false,"未使用：海：会話00951"
1459,false,"未使用：海：会話00952"
1460,false,"未使用：海：会話00953"
1461,false,"未使用：海：会話00954"
1462,false,"未使用：海：会話00955"
1463,false,"未使用：海：会話00956"
1464,false,"未使用：海：会話00957"
1465,false,"未使用：海：会話00958"
1466,false,"未使用：海：会話00959"
1467,false,"未使用：海：会話00960"
1468,false,"未使用：海：会話00961"
1469,false,"未使用：海：会話00962"
1470,false,"未使用：海：会話00963"
1471,false,"未使用：海：会話00964"
1472,false,"未使用：海：会話00965"
1473,false,"未使用：海：会話00966"
1474,false,"未使用：海：会話00967"
1475,false,"未使用：海：会話00968"
1476,false,"未使用：海：会話00969"
1477,false,"未使用：海：会話00970"
1478,false,"未使用：海：会話00971"
1479,false,"未使用：海：会話00972"
1480,false,"未使用：海：会話00973"
1481,false,"未使用：海：会話00974"
1482,false,"未使用：海：会話00975"
1483,false,"未使用：海：会話00976"
1484,false,"未使用：海：会話00977"
1485,false,"未使用：海：会話00978"
1486,false,"未使用：海：会話00979"
1487,false,"未使用：海：会話00980"
1488,false,"未使用：海：会話00981"
1489,false,"未使用：海：会話00982"
1490,false,"未使用：海：会話00983"
1491,false,"未使用：海：会話00984"
1492,false,"未使用：海：会話00985"
1493,false,"未使用：海：会話00986"
1494,false,"未使用：海：会話00987"
1495,false,"未使用：海：会話00988"
1496,false,"未使用：海：会話00989"
1497,false,"未使用：海：会話00990"
1498,false,"未使用：海：会話00991"
1499,false,"未使用：海：会話00992"
1500,false,"未使用：海：会話00993"
1501,false,"未使用：海：会話00994"
1502,false,"未使用：海：会話00995"
1503,false,"未使用：海：会話00996"
1504,false,"未使用：海：会話00997"
1505,false,"未使用：海：会話00998"
1506,false,"未使用：海：会話00999"
1507,false,"未使用：海：会話01000"
1508,false,"未使用：海：会話01001"
1509,false,"未使用：海：会話01002"
1510,false,"未使用：海：会話01003"
1511,false,"未使用：海：会話01004"
1512,false,"未使用：海：会話01005"
1513,false,"未使用：海：会話01006"
1514,false,"未使用：海：会話01007"
1515,false,"未使用：海：会話01008"
1516,false,"未使用：海：会話01009"
1517,false,"未使用：海：会話01010"
1518,false,"未使用：海：会話01011"
1519,false,"未使用：海：会話01012"
1520,false,"未使用：海：会話01013"
1521,false,"未使用：海：会話01014"
1522,false,"未使用：海：会話01015"
1523,false,"未使用：海：会話01016"
1524,false,"未使用：海：会話01017"
1525,false,"未使用：海：会話01018"
1526,false,"未使用：海：会話01019"
1527,false,"未使用：海：会話01020"
1528,false,"未使用：海：会話01021"
1529,false,"未使用：海：会話01022"
1530,false,"未使用：海：会話01023"
1531,false,"未使用：海：会話01024"
1532,false,"未使用：海：会話01025"
1533,false,"未使用：海：会話01026"
1534,false,"생선~ 생선 팔아요~"
1535,false,"그물 창고는…"
1536,false,"열 마리 살게"
1537,false,"괜찮은 놈 있어?"
1538,false,"어떤 걸 살까…"
1539,false,"未使用：海：会話01032"
1540,false,"낚싯대 좋은데"
1541,false,"未使用：海：会話01034"
1542,false,"이런 귀한 것이…"
1543,false,"未使用：海：会話01036"
1544,false,"未使用：海：会話01037"
1545,false,"未使用：海：会話01038"
1546,false,"未使用：海：会話01039"
1547,false,"未使用：海：会話01040"
1548,false,"어떻게 할 거야?"
1549,false,"대단해, 아하하"
1550,false,"未使用：海：会話01043"
1551,false,"♪어기여차 술 마시고 노를 젓자♪"
1552,false,"♪어기여차 우리는 해적♪"
1553,false,"未使用：海：会話01046"
1554,false,"낚시를 잘하는구먼"
1555,false,"생선 안 필요해?"
1556,false,"여기서부터 상층 갑판이다"
1557,false,"이 하늘을 네게 줄게"
1558,false,"바보… 발그레"
1559,false,"각오해라!"
1560,false,"未使用：海：会話01053"
1561,false,"매일 드레스 입게 해줄게"
1562,false,"흠, 그게 다야…?"
1563,false,"그럼 다섯 마리… 다 줘!"
1564,false,"未使用：海：会話01057"
1565,false,"未使用：海：会話01058"
1566,false,"未使用：海：会話01059"
1567,false,"未使用：海：会話01060"
1568,false,"未使用：海：会話01061"
1569,false,"未使用：海：会話01062"
1570,false,"未使用：海：会話01063"
1571,false,"未使用：海：会話01064"
1572,false,"未使用：海：会話01065"
1573,false,"未使用：海：会話01066"
1574,false,"未使用：海：会話01067"
1575,false,"未使用：海：会話01068"
1576,false,"未使用：海：会話01069"
1577,false,"未使用：海：会話01070"
1578,false,"未使用：海：会話01071"
1579,false,"未使用：海：会話01072"
1580,false,"未使用：海：会話01073"
1581,false,"未使用：海：会話01074"
1582,false,"未使用：海：会話01075"
1583,false,"未使用：海：会話01076"
1584,false,"未使用：海：会話01077"
1585,false,"빰빰빰 빰빰빠밤"
1586,false,"준비됐나?"
1587,false,"질까 보냐!"
1588,false,"간다!"
1589,false,"未使用：海：会話01082"
1590,false,"未使用：海：会話01083"
1591,false,"조선공은 힘든 직업이야"
1592,false,"未使用：海：会話01085"
1593,false,"더, 더워…"
1594,false,"잘 말랐네"
1595,false,"未使用：海：会話01088"
1596,false,"未使用：海：会話01089"
1597,false,"未使用：海：会話01090"
1598,false,"未使用：海：会話01091"
1599,false,"未使用：海：会話01092"
1600,false,"未使用：海：会話01093"
1601,false,"꼴불견~!!"
1602,false,"♪어기여차 노획하자 탈취하자♪"
1603,false,"정신이 좀 들어~!?"
1604,false,"未使用：海：会話00820"
1605,false,"未使用：海：会話00821"
1606,false,"느려~!"
1607,false,"후아…"
1608,false,"제독님을 만나게 해줘"
1609,false,"정상까지 갈 수 있나?"
1610,false,"자, 가자"
1611,false,"자세히 설명해줘"
1612,false,"그거 오십 봉투 줘"
1613,false,"맛있냐…?"
1614,false,"행복이란 뭘까…"
1615,false,"앞으로 어쩌지…"
1616,false,"未使用：海：会話00833"
1617,false,"술 가진 것 좀 있어…?"
1618,false,"배고프다…"
1619,false,"노력이 무슨 소용이야…"
1620,false,"未使用：海：会話00837"
1621,false,"안 봐준다!"
1622,false,"쫄았냐? 덤벼!"
1623,false,"未使用：海：会話00840"
1624,false,"未使用：海：会話00841"
1625,false,"未使用：海：会話00842"
1626,false,"♪어기여차 우리들은 해적♪"
1627,false,"♪어기여차 노획하자 탈취하자♪"
1628,false,"未使用：海：会話00845"
1629,false,"未使用：海：会話00846"
1630,false,"바다로 돌아가고 싶어"
1631,false,"웩"
1632,false,"未使用：海：会話00849"
1633,false,"이 자식! 죽여주마!"
1634,false,"모르모의 항아리를 노리나!?"
1635,false,"하아… 후우… 휴우…"
1636,false,"흥, 아직 멀었어"
1637,false,"그만 포기해"
1638,false,"未使用：海：会話01097"
1639,false,"未使用：海：会話01098"
1640,false,"未使用：海：会話01099"
1641,false,"未使用：海：会話01100"
1642,false,"未使用：海：会話01101"
1643,false,"未使用：海：会話01102"
1644,false,"未使用：海：会話01103"
1645,false,"未使用：海：会話01104"
1646,false,"未使用：海：会話01105"
1647,false,"未使用：海：会話01106"
1648,false,"未使用：海：会話01107"
1649,false,"未使用：海：会話01108"
1650,false,"未使用：海：会話01109"
1651,false,"未使用：海：会話01110"
1652,false,"이제 어디 갈까요?"
1653,false,"소금기둥 해변은 어때?"
1654,false,"未使用：海：会話01113"
1655,false,"未使用：海：会話01114"
1656,false,"홋홋홋…"
1657,false,"오늘은 이긴다…"
1658,false,"밀리고 있잖아!?"
1659,false,"未使用：海：会話01118"
1660,false,"특기는?"
1661,false,"돛대 오르기다!"
1662,false,"기, 기, 기, 긴장된다…"
1663,false,"未使用：海：会話01122"
1664,false,"호오~ 제법이네"
1665,false,"우후후후…"
1666,false,"내 부하 안 할래?"
1667,false,"조… 조금만 더"
1668,false,"꼬르륵꼬르륵"
1669,false,"未使用：海：会話01128"
1670,false,"꼬르르륵"
1671,false,"화물 품목을 적어주세요"
1672,false,"금지품목이라서요"
1673,false,"반짝반짝 한가득이야"
1674,false,"슈우우… 검사 두근해 두근"
1675,false,"우리 상품은, 용병, 이다"
1676,false,"훈련 중이다, 조용히"
1677,false,"검문 작전은…"
1678,false,"미끼를 풀까"
1679,false,"예예, 보석이 오십 상자…"
1680,false,"未使用：海：会話01139"
1681,false,"하아앗!"
1682,false,"접수처는 이 앞입니다!"
1683,false,"未使用：海：会話01142"
1684,false,"으랏챠!!!"
1685,false,"이런, 또 시작이네…"
1686,false,"사격준비, 발사!"
1687,false,"未使用：海：会話01146"
1688,false,"未使用：海：会話01147"
1689,false,"未使用：海：会話01148"
1690,false,"未使用：海：会話01149"
1691,false,"무슨 생각이야!?"
1692,false,"주의하겠습니다…"
1693,false,"未使用：海：会話01152"
1694,false,"하여간 신병은…"
1695,false,"아직 멀었어, 이얍!!"
1696,false,"未使用：海：会話01155"
1697,false,"未使用：海：会話01156"
1698,false,"未使用：海：会話01157"
1699,false,"未使用：海：会話01158"
1700,false,"未使用：海：会話01159"
1701,false,"마무리로 애정을…"
1702,false,"未使用：海：会話01161"
1703,false,"未使用：海：会話01162"
1704,false,"사, 살아있어서 다행…"
1705,false,"未使用：海：会話01164"
1706,false,"메뉴 전부"
1707,false,"먹고 싶은 거로 해"
1708,false,"멈춰, 체포한다!"
1709,false,"해보자는 거냐!?"
1710,false,"으스대지 마!"
1711,false,"未使用：海：会話01170"
1712,false,"未使用：海：会話01171"
1713,false,"未使用：海：会話01172"
1714,false,"未使用：海：会話01173"
1715,false,"날씨 좋아, 밥 맛있어"
1716,false,"마니 있어~좋은 무기~"
1717,false,"교섭, 성립, 이다"
1718,false,"길은 얼마든지 내겠네"
1719,false,"未使用：海：会話01178"
1720,false,"멀리 갈 거라서"
1721,false,"딱 좋은 온도야"
1722,false,"15년 기다리시게요?"
1723,false,"한 척 주문하고 싶어"
1724,false,"우오오오오오!"
1725,false,"未使用：海：会話01184"
1726,false,"워후! 워후우!"
1727,false,"未使用：海：会話01186"
1728,false,"이제 어느 항구로 가?"
1729,false,"未使用：海：会話01188"
1730,false,"未使用：海：会話01189"
1731,false,"未使用：海：会話01190"
1732,false,"未使用：海：会話01191"
1733,false,"未使用：海：会話01192"
1734,false,"未使用：海：会話01193"
1735,false,"未使用：海：会話01194"
1736,false,"未使用：海：会話01195"
1737,false,"未使用：海：会話01196"
1738,false,"未使用：海：会話01197"
1739,false,"未使用：海：会話01198"
1740,false,"未使用：海：会話01199"
1741,false,"未使用：海：会話01200"
1742,false,"未使用：海：会話01201"
1743,false,"未使用：海：会話01202"
1744,false,"이야~ 정말 죽겠군…"
1745,false,"♪어기여차 폭풍에도 지지않아♪"
1746,false,"未使用：海：会話01205"
1747,false,"맛있…었다…"
1748,false,"정말 훌륭, 하군"
1749,false,"未使用：海：会話01208"
1750,false,"未使用：海：会話01209"
1751,false,"未使用：海：会話01210"
1752,false,"未使用：海：会話01211"
1753,false,"未使用：海：会話01212"
1754,false,"未使用：海：会話01213"
1755,false,"未使用：海：会話01214"
1756,false,"未使用：海：会話01215"
1757,false,"未使用：海：会話01216"
1758,false,"未使用：海：会話01217"
1759,false,"未使用：海：会話01218"
1760,false,"未使用：海：会話01219"
1761,false,"未使用：海：会話01220"
1762,false,"未使用：海：会話01221"
1763,false,"未使用：海：会話01222"
1764,false,"未使用：海：会話01223"
1765,false,"未使用：海：会話01224"
1766,false,"未使用：海：会話01225"
1767,false,"규칙이다"
1768,false,"총 규제를 풀어라!"
1769,false,"未使用：海：会話01228"
1770,false,"未使用：海：会話01229"
1771,false,"未使用：海：会話01230"
1772,false,"未使用：海：会話01231"
1773,false,"관리는 꺼져라~"
1774,false,"그냥 쓸어버려!"
1775,false,"허브 오일을 발라줄게"
1776,false,"온몸이 찌뿌둥해"
1777,false,"말린 생선 전부 줘"
1778,false,"서른 통 정도"
1779,false,"未使用：海：会話01238"
1780,false,"未使用：海：会話01239"
1781,false,"未使用：海：会話01240"
1782,false,"未使用：海：会話01241"
1783,false,"未使用：海：会話01242"
1784,false,"未使用：海：会話01243"
1785,false,"未使用：海：会話01244"
1786,false,"未使用：海：会話01245"
1787,false,"未使用：海：会話01246"
1788,false,"未使用：海：会話01247"
1789,false,"未使用：海：会話01248"
1790,false,"未使用：海：会話01249"
1791,false,"未使用：海：会話01250"
1792,false,"未使用：海：会話01251"
1793,false,"未使用：海：会話01252"
1794,false,"未使用：海：会話01253"
1795,false,"未使用：海：会話01254"
1796,false,"未使用：海：会話01255"
1797,false,"未使用：海：会話01256"
1798,false,"未使用：海：会話01257"
1799,false,"未使用：海：会話01258"
1800,false,"未使用：海：会話01259"
1801,false,"未使用：海：会話01260"
1802,false,"未使用：海：会話01261"
1803,false,"未使用：海：会話01262"
1804,false,"未使用：海：会話01263"
1805,false,"未使用：海：会話01264"
1806,false,"未使用：海：会話01265"
1807,false,"未使用：海：会話01266"
1808,false,"未使用：海：会話01267"
1809,false,"未使用：海：会話01268"
1810,false,"좀 도와주세요"
1811,false,"시끄러, 닥쳐"
1812,false,"포도주 줘"
1813,false,"未使用：海：会話01272"
1814,false,"未使用：海：会話01273"
1815,false,"시작해볼까!"
1816,false,"내가 이긴다"
1817,false,"이겨라!"
1818,false,"내 지갑 좀 불려줘!"
1819,false,"未使用：海：会話01278"
1820,false,"아하하~ 우후후~"
1821,false,"♪어기여차 폭풍에도 지지않아♪"
1822,false,"♪어기여차 술 마시고 노를 젓자♪"
1823,false,"未使用：海：会話01282"
1824,false,"未使用：海：会話01283"
1825,false,"未使用：海：会話01284"
1826,false,"未使用：海：会話01285"
1827,false,"未使用：海：会話01286"
1828,false,"未使用：海：会話01287"
1829,false,"未使用：海：会話01288"
1830,false,"未使用：海：会話01289"
1831,false,"未使用：海：会話01290"
1832,false,"未使用：海：会話01291"
1833,false,"수술과 암술을 쪽~"
1834,false,"未使用：海：会話01293"
1835,false,"未使用：海：会話01294"
1836,false,"未使用：海：会話01295"
1837,false,"푸석푸석해…"
1838,false,"끝이 없네…"
1839,false,"未使用：海：会話01298"
1840,false,"未使用：海：会話01299"
1841,false,"未使用：海：会話01300"
1842,false,"未使用：海：会話01301"
1843,false,"♪어기여차 우리들은 해적♪"
1844,false,"♪어기여차 술 마시고 노를 젓자♪"
1845,false,"未使用：海：会話01304"
1846,false,"未使用：海：会話01305"
1847,false,"♪어기여차 노획하자 탈취하자♪"
1848,false,"웅얼…"
1849,false,"未使用：海：会話01308"
1850,false,"未使用：海：会話01309"
1851,false,"未使用：海：会話01310"
1852,false,"未使用：海：会話01311"
1853,false,"기중기 올려~!!"
1854,false,"왔다 왔어~"
1855,false,"未使用：海：会話01314"
1856,false,"未使用：海：会話01315"
1857,false,"未使用：海：会話01316"
1858,false,"未使用：海：会話01317"
1859,false,"좋아, 좋아!"
1860,false,"화물이 너무 많아"
1861,false,"옙!"
1862,false,"옙!"
1863,false,"옙!"
1864,false,"옙!"
1865,false,"옙!"
1866,false,"냡!"
1867,false,"未使用：海：会話01326"
1868,false,"未使用：海：会話01327"
1869,false,"未使用：海：会話01328"
1870,false,"未使用：海：会話01329"
1871,false,"수프가 떨어지지 않게"
1872,false,"未使用：海：会話01331"
1873,false,"적에게 끼얹을까요!?"
1874,false,"未使用：海：会話01333"
1875,false,"야습에 대비하라"
1876,false,"척후는 제가!"
1877,false,"未使用：海：会話01336"
1878,false,"순찰 개시!"
1879,false,"未使用：海：会話01338"
1880,false,"未使用：海：会話01339"
1881,false,"未使用：海：会話01340"
1882,false,"未使用：海：会話01341"
1883,false,"未使用：海：会話01342"
1884,false,"未使用：海：会話01343"
1885,false,"未使用：海：会話01344"
1886,false,"未使用：海：会話01345"
1887,false,"未使用：海：会話01346"
1888,false,"未使用：海：会話01347"
1889,false,"未使用：海：会話01348"
1890,false,"未使用：海：会話01349"
1891,false,"예쁘게 피어라"
1892,false,"未使用：海：会話01351"
1893,false,"未使用：海：会話01352"
1894,false,"未使用：海：会話01353"
1895,false,"새 비료란다~"
1896,false,"未使用：海：会話01355"
1897,false,"未使用：海：会話01356"
1898,false,"未使用：海：会話01357"
1899,false,"未使用：海：会話01358"
1900,false,"未使用：海：会話01359"
1901,false,"未使用：海：会話01360"
1902,false,"未使用：海：会話01361"
1903,false,"未使用：海：会話01362"
1904,false,"未使用：海：会話01363"
1905,false,"未使用：海：会話01364"
1906,false,"未使用：海：会話01365"
1907,false,"未使用：海：会話01366"
1908,false,"未使用：海：会話01367"
1909,false,"무섭지도 않나"
1910,false,"未使用：海：会話01369"
1911,false,"未使用：海：会話01370"
1912,false,"未使用：海：会話01371"
1913,false,"未使用：海：会話01372"
1914,false,"未使用：海：会話01373"
1915,false,"未使用：海：会話01374"
1916,false,"未使用：海：会話01375"
1917,false,"未使用：海：会話01376"
1918,false,"未使用：海：会話01377"
1919,false,"未使用：海：会話01378"
1920,false,"未使用：海：会話01379"
1921,false,"未使用：海：会話01380"
1922,false,"未使用：海：会話01381"
1923,false,"未使用：海：会話01382"
1924,false,"未使用：海：会話01383"
1925,false,"未使用：海：会話01384"
1926,false,"未使用：海：会話01385"
1927,false,"未使用：海：会話01386"
1928,false,"未使用：海：会話01387"
1929,false,"未使用：海：会話01388"
1930,false,"未使用：海：会話01389"
1931,false,"未使用：海：会話01390"
1932,false,"未使用：海：会話01391"
1933,false,"未使用：海：会話01392"
1934,false,"未使用：海：会話01393"
1935,false,"未使用：海：会話01394"
1936,false,"未使用：海：会話01395"
1937,false,"未使用：海：会話01396"
1938,false,"未使用：海：会話01397"
1939,false,"未使用：海：会話01398"
1940,false,"未使用：海：会話01399"
1941,false,"未使用：海：会話01400"
1942,false,"未使用：海：会話01401"
1943,false,"未使用：海：会話01402"
1944,false,"未使用：海：会話01403"
1945,false,"未使用：海：会話01404"
1946,false,"未使用：海：会話01405"
1947,false,"未使用：海：会話01406"
1948,false,"未使用：海：会話01407"
1949,false,"未使用：海：会話01408"
1950,false,"未使用：海：会話01409"
1951,false,"未使用：海：会話01410"
1952,false,"未使用：海：会話01411"
1953,false,"未使用：海：会話01412"
1954,false,"未使用：海：会話01413"
1955,false,"未使用：海：会話01414"
1956,false,"未使用：海：会話01415"
1957,false,"未使用：海：会話01416"
1958,false,"未使用：海：会話01417"
1959,false,"未使用：海：会話01418"
1960,false,"未使用：海：会話01419"
1961,false,"未使用：海：会話01420"
1962,false,"작업 중이야…"
1963,false,"未使用：海：会話01422"
1964,false,"未使用：海：会話01423"
1965,false,"未使用：海：会話01424"
1966,false,"未使用：海：会話01425"
1967,false,"배가 습격당했어요"
1968,false,"화물을 빼앗겼어"
1969,false,"未使用：海：会話01428"
1970,false,"未使用：海：会話01429"
1971,false,"未使用：海：会話01430"
1972,false,"未使用：海：会話01431"
1973,false,"未使用：海：会話01432"
1974,false,"비켜, 비켜!"
1975,false,"未使用：海：会話01434"
1976,false,"未使用：海：会話01435"
1977,false,"여기야 여기~"
1978,false,"未使用：海：会話01437"
1979,false,"未使用：海：会話01438"
1980,false,"未使用：海：会話01439"
1981,false,"未使用：海：会話01440"
1982,false,"未使用：海：会話01441"
1983,false,"未使用：海：会話01442"
1984,false,"未使用：海：会話01443"
1985,false,"未使用：海：会話01444"
1986,false,"날뛰길래…"
1987,false,"未使用：海：会話01446"
1988,false,"未使用：海：会話01447"
1989,false,"未使用：海：会話01448"
1990,false,"未使用：海：会話01449"
1991,false,"좋아, 준비 끝"
1992,false,"未使用：海：会話01451"
1993,false,"未使用：海：会話01452"
1994,false,"未使用：海：会話01453"
1995,false,"먹이는 충분하군"
1996,false,"未使用：海：会話01455"
1997,false,"그건 여기가 아냐"
1998,false,"더럽게 무겁네…!"
1999,false,"도도 고기는 준비했어"
2000,false,"이걸로 끝이야"
2001,false,"시끄러, 할망구"
2002,false,"벌써 지쳤나?"
2003,false,"올해 밀은 다 팔렸어"
2004,false,"여기 밀이 꼭 필요해!"
2005,false,"일부러 왔는데"
2006,false,"쳇, 늦었군"
2007,false,"기운 내…"
2008,false,"라벤더 주문입니다"
2009,false,"요즘 인기 많네"
2010,false,"우리 집 밀이야"
2011,false,"未使用：海：会話01470"
2012,false,"未使用：海：会話01471"
2013,false,"未使用：海：会話01472"
2014,false,"未使用：海：会話01473"
2015,false,"맛의 비결은…?"
2016,false,"未使用：海：会話01475"
2017,false,"쿠엣"
2018,false,"未使用：海：会話01477"
2019,false,"빨리해"
2020,false,"일복이 터졌어…"
2021,false,"未使用：海：会話01480"
2022,false,"未使用：海：会話01481"
2023,false,"웅얼웅얼…"
2024,false,"내일은 늦게 출근해"
2025,false,"未使用：海：会話01484"
2026,false,"未使用：海：会話01485"
2027,false,"未使用：海：会話01486"
2028,false,"未使用：海：会話01487"
2029,false,"未使用：海：会話01488"
2030,false,"쿠…에에에…"
2031,false,"未使用：海：会話01490"
2032,false,"未使用：海：会話01491"
2033,false,"未使用：海：会話01492"
2034,false,"울타리로 돌아가자"
2035,false,"未使用：海：会話01494"
2036,false,"未使用：海：会話01495"
2037,false,"未使用：海：会話01496"
2038,false,"未使用：海：会話01497"
2039,false,"未使用：海：会話01498"
2040,false,"未使用：海：会話01499"
2041,false,"未使用：海：会話01500"
2042,false,"정신 차려…"
2043,false,"산책시키면 좀 지치겠지"
2044,false,"未使用：海：会話01503"
2045,false,"비료를 바꿔보자"
2046,false,"콩을 심어볼까?"
2047,false,"잠깐만 여기 둘게"
2048,false,"未使用：海：会話01507"
2049,false,"양털이 부족해"
2050,false,"未使用：海：会話01509"
2051,false,"未使用：海：会話01510"
2052,false,"未使用：海：会話01511"
2053,false,"未使用：海：会話01512"
2054,false,"未使用：海：会話01513"
2055,false,"未使用：海：会話01514"
2056,false,"취소분을 기다려야 하나…"
2057,false,"곤란해요"
2058,false,"몰수라고!?"
2059,false,"물고기야 이리 온~"
2060,false,"未使用：海：会話01519"
2061,false,"장사 이야기?"
2062,false,"울타리가 부서졌거든"
2063,false,"같이 놀아요~"
2064,false,"멋진 상인 아저씨"
2065,false,"크하하하"
2066,false,"킁킁"
2067,false,"쉿… 자게 내버려둬"
2068,false,"제국군이 수상해"
2069,false,"1565년산 적포도주입니다"
2070,false,"음, 세 병 주게"
2071,false,"예이, 죄송함다…"
2072,false,"가지가 아주 멋지지?"
2073,false,"맛있게 익으렴♪"
2074,false,"언니, 한 병 더 추가!"
2075,false,"정말 싫다니까…"
2076,false,"적포도주에는 고기가 좋지?"
2077,false,"물이 졸~졸~"
2078,false,"여물이 눅눅해졌어"
2079,false,"드르렁~"
2080,false,"쿠우울…"
2081,false,"이것들은 어딜 간 거야?"
2082,false,"많이 상했네"
2083,false,"한바탕 해볼까~"
2084,false,"휴, 오늘 저녁도 해파리…"
2085,false,"필살 사하긴 포뜨기!"
2086,false,"작전에 불만 있나?"
2087,false,"지금이 기회!"
2088,false,"요령은 알겠어?"
2089,false,"신병기 시험 제작을…"
2090,false,"그보다 무기와 탄약을!"
2091,false,"빨리빨리 움직여"
2092,false,"비축량 문제없음~"
2093,false,"…진짜?"
2094,false,"귀신이 나온대…"
2095,false,"특제 맥주입니다♪"
2096,false,"안 취랬러!"
2097,false,"그 가격으로 합의하죠"
2098,false,"뭐든지 말씀하세요!"
2099,false,"가볍네 가벼워"
2100,false,"저 짐은 안 되겠는데…"
2101,false,"무슨 소리… 우드득!"
2102,false,"주세는 감면이 안 돼요"
2103,false,"창피하니까 그만해"
2104,false,"우와~ 진짜 큰 배데이~"
2105,false,"여긴 무슨 일로?"
2106,false,"화약은 더 조심스럽게…"
2107,false,"교과서대로라면, 으~음…"
2108,false,"맥주엔 역시 생선이지"
2109,false,"저 배의 검문 기록은…"
2110,false,"이론상 이게 맞겠지"
2111,false,"웩, 너무 마셨나~"
2112,false,"대형 선박을 준비해서…"
2113,false,"정신 놓고 다니냐!"
2114,false,"그거 알아? 초석의 원료는…"
2115,false,"이봐, 적당히 마셔"
2116,false,"딸꾹, 시끄러!"
2117,false,"와~ 울다하에서 왔어?"
2118,false,"더 우아하게! 아름답게!"
2119,false,"다음 전투는 길어지겠어…"
2120,false,"으으… 배가… 아야야…"
2121,false,"未使用：海：会話01580"
2122,false,"끄아아아아아…"
2123,false,"날달 신이시여… 도와주소서…"
2124,false,"달콤한 꿈을… 꿨어…<br>끝나지 않는… 꿈을…"
2125,false,"…사랑스러운 노란 달…"
2126,false,"아흑… 진정해라… 내 위여…!"
2127,false,"…갑자기… 졸음이 쏟아져…"
2128,false,"노란 달은… 정말 멋진 여자야…"
2129,false,"으윽… 으으으으…"
2130,false,"뭐야!?"
2131,false,"초코보…가 아냐!?"
2132,false,"팔팔하구먼…"
2133,false,"이런 신비로운…"
2134,false,"엄마, 저게 뭐야?"
2135,false,"으음… 뭘까…?"
2136,false,"우와~! 빠르다~!"
2137,false,"사람? 초코보?"
2138,false,"말이다~!"
2139,false,"영문은 모르겠지만 힘내라!"
2140,false,"달려라, 달려~!"
2141,false,"호오, 매우 흥미롭군"
2142,false,"초코보보다 빠른가?"
2143,false,"힘내라~!"
2144,false,"꽤 멋진걸"
2145,false,"얼마 안 남았어"
2146,false,"이상한 게 달린다!"
2147,false,"꺅~! 멋져!"
2148,false,"未使用：海：会話01607"
2149,false,"未使用：海：会話01608"
2150,false,"未使用：海：会話01609"
2151,false,"未使用：海：会話01610"
2152,false,"未使用：海：会話01611"
2153,false,"未使用：海：会話01612"
2154,false,"未使用：海：会話01613"
2155,false,"未使用：海：会話01614"
2156,false,"未使用：海：会話01615"
2157,false,"未使用：海：会話01616"
2158,false,"未使用：海：会話01617"
2159,false,"未使用：海：会話01618"
2160,false,"未使用：海：会話01619"
2161,false,"未使用：海：会話01620"
2162,false,"未使用：海：会話01621"
2163,false,"未使用：海：会話01622"
2164,false,"未使用：海：会話01623"
2165,false,"未使用：海：会話01624"
2166,false,"未使用：海：会話01625"
2167,false,"未使用：海：会話01626"
2168,false,"未使用：海：会話01627"
2169,false,"未使用：海：会話01628"
2170,false,"未使用：海：会話01629"
2171,false,"未使用：海：会話01630"
2172,false,"未使用：海：会話01631"
2173,false,"未使用：海：会話01632"
2174,false,"未使用：海：会話01633"
2175,false,"未使用：海：会話01634"
2176,false,"未使用：海：会話01635"
2177,false,"未使用：海：会話01636"
2178,false,"未使用：海：会話01637"
2179,false,"未使用：海：会話01638"
2180,false,"未使用：海：会話01639"
2181,false,"未使用：海：会話01640"
2182,false,"未使用：海：会話01641"
2183,false,"未使用：海：会話01642"
2184,false,"未使用：海：会話01643"
2185,false,"未使用：海：会話01644"
2186,false,"未使用：海：会話01645"
2187,false,"未使用：海：会話01646"
2188,false,"未使用：海：会話01647"
2189,false,"未使用：海：会話01648"
2190,false,"未使用：海：会話01649"
2191,false,"未使用：海：会話01650"
2192,false,"未使用：海：会話01651"
2193,false,"未使用：海：会話01652"
2194,false,"未使用：海：会話01653"
2195,false,"未使用：海：会話01654"
2196,false,"未使用：海：会話01655"
2197,false,"未使用：海：会話01656"
2198,false,"未使用：海：会話01657"
2199,false,"未使用：海：会話01658"
2200,false,"未使用：海：会話01659"
2201,false,"未使用：海：会話01660"
2202,false,"未使用：海：会話01661"
2203,false,"未使用：海：会話01662"
2204,false,"未使用：海：会話01663"
2205,false,"未使用：海：会話01664"
2206,false,"未使用：海：会話01665"
2207,false,"未使用：海：会話01666"
2208,false,"未使用：海：会話01667"
2209,false,"未使用：海：会話01668"
2210,false,"未使用：海：会話01669"
2211,false,"未使用：海：会話01670"
2212,false,"未使用：海：会話01671"
2213,false,"未使用：海：会話01672"
2214,false,"未使用：海：会話01673"
2215,false,"未使用：海：会話01674"
2216,false,"未使用：海：会話01675"
2217,false,"未使用：海：会話01676"
2218,false,"未使用：海：会話01677"
2219,false,"未使用：海：会話01678"
2220,false,"未使用：海：会話01679"
2221,false,"未使用：海：会話01680"
2222,false,"未使用：海：会話01681"
2223,false,"未使用：海：会話01682"
2224,false,"未使用：海：会話01683"
2225,false,"未使用：海：会話01684"
2226,false,"未使用：海：会話01685"
2227,false,"未使用：海：会話01686"
2228,false,"未使用：海：会話01687"
2229,false,"未使用：海：会話01688"
2230,false,"未使用：海：会話01689"
2231,false,"未使用：海：会話01690"
2232,false,"未使用：海：会話01691"
2233,false,"未使用：海：会話01692"
2234,false,"未使用：海：会話01693"
2235,false,"未使用：海：会話01694"
2236,false,"未使用：海：会話01695"
2237,false,"未使用：海：会話01696"
2238,false,"未使用：海：会話01697"
2239,false,"未使用：海：会話01698"
2240,false,"未使用：海：会話01699"
2241,false,"未使用：海：会話01700"
2242,false,"未使用：海：会話01701"
2243,false,"未使用：海：会話01702"
2244,false,"未使用：海：会話01703"
2245,false,"未使用：海：会話01704"
2246,false,"未使用：海：会話01705"
2247,false,"未使用：海：会話01706"
2248,false,"未使用：海：会話01707"
2249,false,"未使用：海：会話01708"
2250,false,"未使用：海：会話01709"
2251,false,"未使用：海：会話01710"
2252,false,"未使用：海：会話01711"
2253,false,"未使用：海：会話01712"
2254,false,"未使用：海：会話01713"
2255,false,"未使用：海：会話01714"
2256,false,"未使用：海：会話01715"
2257,false,"未使用：海：会話01716"
2258,false,"未使用：海：会話01717"
2259,false,"未使用：海：会話01718"
2260,false,"未使用：海：会話01719"
2261,false,"未使用：海：会話01720"
2262,false,"未使用：海：会話01721"
2263,false,"未使用：海：会話01722"
2264,false,"未使用：海：会話01723"
2265,false,"未使用：海：会話01724"
2266,false,"未使用：海：会話01725"
2267,false,"未使用：海：会話01726"
2268,false,"未使用：海：会話01727"
2269,false,"未使用：海：会話01728"
2270,false,"未使用：海：会話01729"
2271,false,"未使用：海：会話01730"
2272,false,"未使用：海：会話01731"
2273,false,"未使用：海：会話01732"
2274,false,"未使用：海：会話01733"
2275,false,"未使用：海：会話01734"
2276,false,"未使用：海：会話01735"
2277,false,"未使用：海：会話01736"
2278,false,"未使用：海：会話01737"
2279,false,"未使用：海：会話01738"
2280,false,"未使用：海：会話01739"
2281,false,"未使用：海：会話01740"
2282,false,"未使用：海：会話01741"
2283,false,"未使用：海：会話01742"
2284,false,"未使用：海：会話01743"
2285,false,"未使用：海：会話01744"
2286,false,"未使用：海：会話01745"
2287,false,"未使用：海：会話01746"
2288,false,"未使用：海：会話01747"
2289,false,"未使用：海：会話01748"
2290,false,"未使用：海：会話01749"
2291,false,"未使用：海：会話01750"
2292,false,"未使用：海：会話01751"
2293,false,"未使用：海：会話01752"
2294,false,"未使用：海：会話01753"
2295,false,"未使用：海：会話01754"
2296,false,"未使用：海：会話01755"
2297,false,"未使用：海：会話01756"
2298,false,"未使用：海：会話01757"
2299,false,"未使用：海：会話01758"
2300,false,"받아라! 리볼드!"
2301,false,"크하하하!<br>죽어라죽어라죽어랏!!"
2302,false,"꺄악!<br>살려줘!"
2303,false,"난 해적이 아니야!<br>공격하지 마!"
2304,false,"뭐, 뭐야!?"
2305,false,"아, 다녀오셨…<br>누, 누구세요!?"
2306,false,"용서해주세요,<br>제발 용서해주세요!"
2307,false,"정말 도망가도 돼?"
2308,false,"나, 날 구하러 왔어!"
2309,false,"다신… 반항하지<br>않을게요…"
2310,false,"흑흑…<br>어, 엄마…"
2311,false,"저흰<br>해적에게 납치당해…"
2312,false,"얼마나 더 상대해야…<br>응? 도와주러 왔다고?"
2313,false,"해적 놈들을<br>박살 내라!"
2314,false,"내 기탄 맛을 봐라!"
2315,false,"놓치지 않습니다…!"
2316,false,"우오오오오!"
2317,false,"내 원한을 먹고 나타나라, 이계의 벌레왕이여!"
2318,false,"…기다릴게"
2319,false,"부글부글부글…"
2320,false,"으으… 어지럽네…"
2321,false,"빨리 복귀하고 싶어"
2322,false,"너도 몸 좀 담가"
2323,false,"장기요양이니?"
2324,false,"피부가 매끈매끈하다냥!"
2325,false,"머리가… 어질어질…"
2326,false,"비싼 것 같은데?"
2327,false,"둘러보고 가세요!"
2328,false,"이얍"
2329,false,"여기도 꽤 떠들썩해졌네"
2330,false,"전부 옮겨"
2331,false,"이상 무!"
2332,false,"밭일도 슬슬 그만둬야 하나…"
2333,false,"하아, 죽여준다"
2334,false,"각자 용 한 마리씩 죽이기!"
2335,false,"휴우, 따끈하군"
2336,false,"쉬는 날이 언제더라?"
2337,false,"으윽… 빌어먹을 드래곤…"
2338,false,"눈보라에 소대가…"
2339,false,"상당히 춥네"
2340,false,"유적을 어지럽히지 마"
2341,false,"북쪽으로 파보자"
2342,false,"시도할 가치는 있군"
2343,false,"거인족 때문에 큰일이야"
2344,false,"흠… 이 문양은…"
2345,false,"안개가 끼면 조사는 어려워"
2346,false,"대심판의 문은 봉쇄됐다"
2347,false,"모험가가 올 필요 없는 곳이다"
2348,false,"요즘 분위기가 심상치 않아"
2349,false,"응, 동감이야"
2350,false,"육포가 부족하군"
2351,false,"아~ 당직 싫다"
2352,false,"적과 백… 아님 둘 다?"
2353,false,"그래두 되제?"
2354,false,"해고야, 해고!"
2355,false,"두 배로 걸겠어!"
2356,false,"으음…? 저 그림자는?"
2357,false,"이얍"
2358,false,"적은 다 죽여!"
2359,false,"예엡"
2360,false,"네엡"
2361,false,"고기 맛있다"
2362,false,"완벽한 박자다!<br>이욥이욥하!"
2363,false,"장난하냐! 더 큰 소리로!"
2364,false,"윽… 팔이…"
2365,false,"할로네 신 곁으로…"
2366,false,"긴장을 늦추지 마라!"
2367,false,"동상에 잘 듣는 약을…"
2368,false,"모험가냐?"
2369,false,"괜찮은 조건이군"
2370,false,"한밑천 잡아야지"
2371,false,"그러자 용병부대가…"
2372,false,"더욱 강해져라!"
2373,false,"방금 뭐가 지나갔냐?"
2374,false,"이상 없음"
2375,false,"이렇게 하얘서야…"
2376,false,"훈련이 너무 힘들어…"
2377,false,"실전은 더 가혹해"
2378,false,"…눈에는 익숙해졌어?"
2379,false,"편지지가 어디 있더라"
2380,false,"힘들어…"
2381,false,"아직 멀었어…!"
2382,false,"따뜻해…"
2383,false,"…왜?"
2384,false,"도시로 돌아갈까 해"
2385,false,"아… 응……"
2386,false,"당신 입에는 안 맞을걸"
2387,false,"부대가 괴멸됐대"
2388,false,"망할 드래곤족…"
2389,false,"조금만… 잘게…"
2390,false,"눈은 언제 녹을지…"
2391,false,"점성대가 예측하길…"
2392,false,"뛰어내리지 마"
2393,false,"저 별이 뜻하는 바는…"
2394,false,"자료가 부족해!"
2395,false,"기사님께 전해주세요"
2396,false,"흠흠…"
2397,false,"뭐야, 모험가였군…"
2398,false,"혼자 순찰 중인가?"
2399,false,"금방 돌아올게"
2400,false,"내가 봤어! 제국의…"
2401,false,"나… 이 임무가 끝나면…"
2402,false,"도와주러 왔나?"
2403,false,"누구 도와줄 사람 없는고"
2404,false,"여기 경비는 완벽하다"
2405,false,"경비는 교대제고, 나는 3번"
2406,false,"5번 위병, 이상 무!"
2407,false,"나는 7번 위병… 연극을 좋아해"
2408,false,"경비는 교대제야, 완벽하지"
2409,false,"경비에 신은 없다…"
2410,false,"9번 위병이다, 수고해"
2411,false,"11번 위병, 문제없어"
2412,false,"안쪽은 꽤 떠들썩할걸?"
2413,false,"XIV번 위병이다"
2414,false,"경비는 교대제입니다"
2415,false,"진짜 XIV번이다… 기다렸겠군"
2416,false,"경비는 계속 바뀐다…<br>15번이다"
2417,false,"원수는… 반드시 갚겠다!"
2418,false,"영양보충을 해야지!"
2419,false,"상처가… 쑤시는군"
2420,false,"귀가 시리네"
2421,false,"음! 뭔가 떠오를 거 같아!"
2422,false,"자세만 좋으면 명중!"
2423,false,"으갸갸갸갸…"
2424,false,"홋, 핫, 훗!"
2425,false,"하늘이 우릴 버리는가…"
2426,false,"선생님처럼 아름답게!"
2427,false,"신사력이… 넘친다!"
2428,false,"더욱… 멋진 신사가 된다!"
2429,false,"♪달은 마음을 뒤흔들지…"
2430,false,"내 묘기를 보아라!"
2431,false,"인간은 놓치지 않는다!"
2432,false,"우리 진영에 접근하다니!"
2433,false,"자재 반입은…"
2434,false,"…그렇군"
2435,false,"정신 바짝 차리고 싸워라!"
2436,false,"빌어먹을 요마놈들!"
2437,false,"도와주는 건가? 정말 고맙네!"
2438,false,"부탁이야… 동료를 구해줘!"
2439,false,"덤빌 테면 덤벼랏치!"
2440,false,"맞서 싸우겠닷치"
2441,false,"한판 뜨잣치!"
2442,false,"덤빌 테면 덤벼랏치!"
2443,false,"맞서 싸우겠닷치"
2444,false,"한판 뜨잣치!"
2445,false,"떨어뜨리지 않게 조심해!"
2446,false,"불 조절이 생명!"
2447,false,"아직도 못 들어 올렸어!?"
2448,false,"도와달랏치!"
2449,false,"이거 놔랏치!"
2450,false,"괴롭닷치!"
2451,false,"생각보다 말이 통하는군"
2452,false,"위대한 장수 아래 훌륭한 병사!"
2453,false,"우후후, 참 좋은 생각이닷치…"
2454,false,"임시 주거지 놈들을<br>해치우겠닷치~"
2455,false,"독을 내뿜는<br>버섯을 심는 거닷치"
2456,false,"함정을 판닷치…"
2457,false,"뒷일은 맡기겠닷치!"
2458,false,"분노의 일격을<br>받아라!!"
2459,false,"큰입꽃을<br>개량하잣치!"
2460,false,"오호오호닷치"
2461,false,"언제까지 쉴 셈이야!?"
2462,false,"응? 너도 도와주려고?"
2463,false,"밭일이 훨씬 편해…"
2464,false,"휘두르기 운동이 쓸모 있다니!"
2465,false,"뭐가 보이냥?"
2466,false,"좀이 쑤신다~"
2467,false,"바닥이라도, 핥아!"
2468,false,"바보, 멍청이!"
2469,false,"훈련하러 오셨군요?"
2470,false,"자, 안으로 들어가세요…"
2471,false,"겁이라도 먹었나?"
2472,false,"으랏차차, 더 힘차게!"
2473,false,"더 파고들어!"
2474,false,"예, 옙!"
2475,false,"다음엔 이긴다!"
2476,false,"호오, 모험가로군…"
2477,false,"강한 자만이 살아남는다!"
2478,false,"검투사로 사는 건 괴로워…"
2479,false,"그렇게 엉거주춤해서<br>관객의 마음을 사로잡겠나!"
2480,false,"쫄면 지는 거야…"
2481,false,"정신 똑바로 차려!"
2482,false,"선수를 치면…"
2483,false,"마수놈들이 기다리고 있다!"
2484,false,"더 힘있게 해라!"
2485,false,"여기 마수들은 내가 길렀어"
2486,false,"검투사 간의 전투가<br>투기장의 꽃이다!"
2487,false,"창의 일격은 강렬해…"
2488,false,"수비를 무너뜨리는 법을 익혀라!"
2489,false,"억세지 않으면 못 버텨…"
2490,false,"뱃멀미가… 웩…"
2491,false,"자고~싶다~<br>일이~ 힘들어~"
2492,false,"未使用：海：コボルド：00009"
2493,false,"쉬잇… 물고기 어디?"
2494,false,"파도의 흐름을 읽어라"
2495,false,"이히히~ 가치 놀자~"
2496,false,"사이조케 놀자 연금하면서~"
2497,false,"도 도와준다! 누가 나!"
2498,false,"여긴 제게 맡겨요!"
2499,false,"장난을 조심해"
2500,false,"현자는 찾았어?"
2501,false,"후퇴할 셈이야?"
2502,false,"전쟁의 신 할로네의<br>가호가 함께하길!"
2503,false,"먼저 출발한 돌격대에 이어<br>우리도 돌입하겠다!"
2504,false,"이단자 놈들…"
2505,false,"떠, 떨림이 멎지 않아…"
2506,false,"살아서 돌아가자"
2507,false,"훈련을 떠올려라…"
2508,false,"도, 동료를… 부탁해…"
2509,false,"쉬잇…!?<br>'산호 작살'엔 왜 왔나?"
2510,false,"쉬잇… 네놈 설마…<br>노부네 꼬맹이냐?"
2511,false,"쉬잇… 아야야야…"
2512,false,"결정한다 너<br>맡긴다 나"
2513,false,""
2514,false,""
2515,false,""
2516,false,"제길, 제길, 제길!"
2517,false,"전투준비 완료!"
2518,false,"덤벼라! 거북이 자식!"
2519,false,"받아라!"
2520,false,"이얏!"
2521,false,"저기 있다!"
2522,false,"으랴!"
2523,false,"뭐가 보여?"
2524,false,"무기 휘두르기가<br>이런 곳에서 쓸모있다니!"
2525,false,"더 깊게 파!"
2526,false,"아침에 딴 채소에요~"
2527,false,"남편이 길렀어요, 정말 맛있죠!"
2528,false,"킁킁"
2529,false,"뀨우~"
2530,false,"루비!"
2531,false,"킁킁"
2532,false,"준비 중이야!"
2533,false,"어디로 갔냥?"
2534,false,"잡힐까냥~?"
2535,false,"큰놈이 걸리면 좋겠다냥~♪"
2536,false,"오옷♪"
2537,false,"큰 거 잡았다냥~!"
2538,false,"주인님도 기뻐하실 거다냥~♪"
2539,false,"허탕 쳤다냥…<br>뭐라도 사가야겠다냥…"
2540,false,"모험가가 왔어!"
2541,false,"힘내라~!"
2542,false,"화려한 기술을 보여줘요!"
2543,false,"나도 모험가가 될래요!"
2544,false,"응원할게!"
2545,false,"힘내!"
2546,false,"오, 왔다!"
2547,false,"모험가님~!"
2548,false,"늠름하다…"
2549,false,"멋있어!"
2550,false,"힘내요~!"
2551,false,"모험가님이다아!"
2552,false,"오!"
2553,false,"힘내요♪"
2554,false,"멋지게 부탁해!"
2555,false,"모험가님이다~!"
2556,false,"왔다 왔어~!"
2557,false,"해치워~!"
2558,false,"만세~!<br>씨앗이다!"
2559,false,"왕의 수확물!"
2560,false,"오오, 이건!?"
2561,false,"고품질이다!"
2562,false,"오, 괜찮네!"
2563,false,"오, 느낌이 좋아!"
2564,false,"휴~ 힘들다"
2565,false,"아~ 동업자구나?<br>같이 열심히 하자!"
2566,false,"자, 그럼…<br>주인님께 가져다 드려야지"
2567,false,"자, 그럼…<br>다음 일을 찾아볼까!"
2568,false,"무기 휘두르기가<br>경비 서는 데 도움이 될 줄이야!"
2569,false,"비술사의 마음가짐…<br>그런 책이 있었나…?"
2570,false,"다들 뭘 보는 거야?"
2571,false,"바다에 가라앉혀주마!"
2572,false,"게 먹이로 만들어주지!"
2573,false,"수신님을 위하여!"
2574,false,"자, 우리와 함께…"
2575,false,"이 모습은… 보지 마…!"
2576,false,"어차피 돌이킬 수 없다면…"
2577,false,"야호, 이겼다!"
2578,false,"또 이겼다며!?<br>대단하네!"
2579,false,"다음 시합까지 시간이 있군<br>지금 가져다주자"
2580,false,"사냥감이 있을까?"
2581,false,"으~음, 안 보이네…"
2582,false,"오면 안 된닷치!"
2583,false,"앗! 술이 바닥나겠어!"
2584,false,"빨리 일 이야기가 끝났으면…"
2585,false,"맘껏 먹어라… 꼬맹이들아"
2586,false,"기초가 가장 중요하지!"
2587,false,"아직 갈 길이 멀었어!"
2588,false,"자세가 나오는군!"
2589,false,"인간의 기술도 제법 괜찮네!"
2590,false,"조금만 더 하면 돼!"
2591,false,"우리의 꿈은 영원하다!"
2592,false,"드르렁~ 드르렁~"
2593,false,"●00011"
2594,false,"●00012"
2595,false,"●00013"
2596,false,"●00014"
2597,false,"●00015"
2598,false,"다른 곳을 찾아봐야겠다냥…"
2599,false,"없다냥…"
2600,false,"루비야~ 어디 있니~?"
2601,false,"킁킁"
2602,false,"대체 어디 간거냥…"
2603,false,"루~비, 루비야!"
2604,false,"바쁘다 바빠…"
2605,false,"이봐! 정신 차려!"
2606,false,"더는 못 해…"
2607,false,"놈들 때문에 큰일이야"
2608,false,"옛날이 그립군~"
2609,false,"구에에엑…"
2610,false,"우우우우우…"
2611,false,"아우… 아우우…"
2612,false,"구하러 왔다고!?<br>도, 동료를 부탁한다…"
2613,false,"킁킁"
2614,false,"대체 어디 있는거냥!?"
2615,false,"동료를 구해주세요!"
2616,false,"이봐…<br>싸움은 밖에서 해"
2617,false,"잡히면 좋겠다♪"
2618,false,"와라~ 월척!"
2619,false,"오옷!?"
2620,false,"아자! 잡았다~!"
2621,false,"주인님도 기뻐하시겠지~♪"
2622,false,"으으, 허탕 쳤다…<br>뭐라도 사가야겠네…"
2623,false,"만세~!<br>이게 다 고품질♪"
2624,false,"왕의 수확물이야!"
2625,false,"오오, 이건!?"
2626,false,"고품질이다!"
2627,false,"오, 괜찮네!"
2628,false,"오오, 느낌이 좋아!"
2629,false,"휴~ 힘들다"
2630,false,"아, 동업자구나?<br>의욕이 넘치네!"
2631,false,"이 정도면 됐지<br>주인님께 가지고 가자"
2632,false,"야호! 연승이다!"
2633,false,"또 이겼다며!?<br>대단하네!"
2634,false,"후후, 연승이야<br>한 단계 높은 장비로 부탁해"
2635,false,"여유가 있네…<br>지금 가져다줘야지"
2636,false,"이 주변 사냥감은<br>전부 잡은 모양이네"
2637,false,"다음엔 어디서 사냥을 할까…"
2638,false,"열심히 해야지♪"
2639,false,"와~ 쏟아져 나온다♪"
2640,false,"만세♪"
2641,false,"생각보다 괜찮네♪"
2642,false,"좋아 좋아♪"
2643,false,"휴우~ 힘들다~"
2644,false,"너도 채굴하려고?<br>열심히 하자♪"
2645,false,"잔뜩 캤다♪<br>얼른 돌아가야지!"
2646,false,"나도 바쁜 몸인데<br>그만 좀 불러대지…"
2647,false,"너도 동업자?<br>너나 나나 고생이 많네…"
2648,false,"또 호출이다…<br>이번엔 또 뭘 팔려고"
2649,false,"잡혀야 할 텐데…"
2650,false,"가끔은 월척이<br>잡혔으면 좋겠어"
2651,false,"왔나!?"
2652,false,"야호! 월척이다!"
2653,false,"주인님도<br>아주 기뻐하실 거야"
2654,false,"소식이 없네…<br>다른 데로 가볼까"
2655,false,"멋진<br>집사님이다냥~♪"
2656,false,"좀 잡히냥~?"
2657,false,"집중하는 중이니까<br>방해하지 말아줘"
2658,false,"이 주변은 위험해<br>절벽이거든!"
2659,false,"아이를 살려주세요…!"
2660,false,"정신 차려! 눈을 떠!"
2661,false,"왜 그래? 부탁할 거야?"
2662,false,"그렇군…<br>다른 정보는 없나?"
2663,false,"늦는군… 왜 이렇게 안 오지…"
2664,false,"배고프다…"
2665,false,"좀이 쑤시는군"
2666,false,"다음 일은…"
2667,false,"어! 싸움인가!?"
2668,false,"뭔지는 몰라도<br>싸워라, 싸워!"
2669,false,"아직 괜찮네…"
2670,true,"Zzz… Zzz… 쿠에…"
2671,true,"널… 사랑… Zzz"
2672,false,"카시스 사보텐더 한 잔"
2673,false,"주문하신 것 나왔습니다"
2674,false,"주문은 정하셨나요?"
2675,false,"카시스 사보텐더요"
2676,false,"…자, 여기"
2677,false,"오오! 드디어 나왔군!"
2678,false,"여기서 추천하는 걸로"
2679,false,"고마워"
2680,false,"공에 모든 것을 걸겠어!"
2681,false,"어서 오세요, 골드 소서입니다!"
2682,false,"재미있게 놀다 가세요!"
2683,false,"모그리 뽑기 할래!"
2684,false,"그렇게 급할 것 없어"
2685,false,"우리의 여신이 이겼다!"
2686,false,"흠, 제법이군…"
2687,false,"오늘은 반드시 맞혀보겠어!"
2688,false,"오늘은 뭐 하고 놀까…"
2689,false,"이러시면 곤란해요~"
2690,false,"즐겁게 놀아보자"
2691,false,"꽝이어도 진상 떨지 않을게요…"
2692,false,"정말 큰 사보텐더군!"
2693,false,"다음은 이 카드다"
2694,false,"비장의 카드를 낼 때가 왔군…"
2695,false,"방심은 금물이야"
2696,false,"아직 역전할 수 있어…!"
2697,false,"실은 그거 완전 실수한 거야♪"
2698,false,"으음, 반대로 냈어야 했나…"
2699,false,"인형 참 귀엽다~"
2700,false,"내 경주 초코보가 이기려면…"
2701,false,"빨리 가자니까~!"
2702,false,"저 모그리 귀엽다…"
2703,false,"세뇨르 사보텐더!"
2704,false,"요즘 뜨는 종목은 청린수지"
2705,false,"청린수가 오를 거래!"
2706,false,"나도 살까, 청린수…"
2707,false,"청린수로 인생 펴는 거야!"
2708,false,"무서워요… 엄마…"
2709,false,"흥… 계획대로군"
2710,false,"이쪽 좀 봐요~!"
2711,false,"잠깐 좀 쉴까…"
2712,false,"여기 올라가고 싶다~!"
2713,false,"같이 둘러보자~"
2714,false,"글쎄~ 어떡할까~?"
2715,false,"벌처럼 쏜다!"
2716,false,"우오오오오!<br>쌓였던 울분을 받아라!"
2717,false,"실수는 용납되지 않아…!"
2718,false,"여기가 아닌가…"
2719,false,"안 낚이네…"
2720,false,"이거 은근히 힘드네…"
2721,false,"조금만 더 가면 정상이야!"
2722,false,"정말 귀엽지~!?"
2723,false,"나 아까 악수했어!"
2724,false,"…집에 데려가고 싶다"
2725,false,"임프가 여긴 왜…?"
2726,false,"뭐 하고 놀까~?"
2727,false,"콧바람 엄청났지?"
2728,false,"…콧바람?"
2729,false,"역시 선생님은 대단해!"
2730,false,"다음에는 꼭 성공할 테다!"
2731,false,"그게 아냐! 좀 더 이렇게!"
2732,false,"완전히 틀렸어! 이렇게 하라고!"
2733,false,"옙!"
2734,false,"아니라니까! 좀 집중해!"
2735,false,"사랑해, 자기…"
2736,false,"사람들 보는데 부끄러워…"
2737,false,"다음엔 꼭 당첨될 예감이 드는데…"
2738,false,"별의 신 니메이아 님의<br>축복이 있기를…"
2739,false,"우와, 2등이다!"
2740,false,"넌 몇 등이야?"
2741,false,"난 완전 망했어…"
2742,false,"이번주 구입 특전이…"
2743,false,"저번 주 당첨번호가…"
2744,false,"최근의 추세에 따르면…"
2745,false,"영차, 영차"
2746,false,"내 말 좀 들어봐…"
2747,false,"과음하신 것 같네요"
2748,false,"음료 나왔습니다"
2749,false,"주문하시겠어요?"
2750,false,"음, 고맙네"
2751,false,"지금은 됐다네요"
2752,false,"여기 지배인이래…"
2753,false,"아주 그냥 번쩍번쩍하네…"
2754,false,"준비는 완벽해!"
2755,false,"아직 이르지 않아?"
2756,false,"필요한 건 가속력이야!"
2757,false,"체력 단련도 필수지…"
2758,false,"적응력이 제일 중요해!"
2759,false,"경기 시간은 멀었나…"
2760,false,"괜찮아, 보코!?"
2761,false,"언젠가 경주에 나가자"
2762,false,"왔구나! 같이 돕자고!"
2763,false,"희귀 광석을 마련한 건<br>나라는 걸 기억해"
2764,false,"저런 애들은 내버려두고<br>우리끼리 가자… 응?"
2765,false,"그 입 다무는 게<br>신상에 이로울 거다냥!"
2766,false,"그이는 항상 나를<br>질타해준다고!"
2767,false,"도둑고양이 같으니!"
2768,false,"성도의 상황은!?"
2769,false,"수비는 완벽해!"
2770,false,"하지만 방심은 금물이다…"
2771,false,"병사들이 동요하고 있어…"
2772,false,"네가 사기를 진작시켜라"
2773,false,"알겠습니다!"
2774,false,"다들 왔구나! 고마워!"
2775,false,"동료의 고향이 위기라는데<br>당연히 달려와야지!"
2776,false,"드디어 결전이군…"
2777,false,"지원군은 멀었어?"
2778,false,"저 앞에 있는 게<br>성도 이슈가르드…"
2779,false,"도와줘서 고맙소!"
2780,false,"꺼져라, 드래곤족!"
2781,false,"이슈가르드를 지키기 위해<br>힘을 빌려다오!"
2782,false,"함께 싸웁시다!<br>에오르제아를 위하여!"
2783,false,"아빠, 정말 올라갈 수 있어요?"
2784,false,"시, 식은 죽 먹기지…"
2785,false,"드, 드디어 당첨됐다~!"
2786,false,"사, 살았다…"
2787,false,"자보텐더다~!"
2788,false,"코렐 산이 좋은데~!"
2789,false,"…너희 참 사이가 좋구나"
2790,false,"오늘도 시작해볼까!"
2791,false,"후훗, 여기 참 괜찮네<br>다시 오고 싶은 곳이야"
2792,false,"이 찻집 분위기 좋은데?"
2793,false,"놀랍군…<br>저런 요리를 내놓다니…"
2794,false,"돈을 뜯어내려고 왔지만…<br>역시나 실패했어"
2795,false,"슬슬 집에 가자!"
2796,false,"정말 즐거웠어<br>배울 게 참 많더라!"
2797,false,"기분전환도 실컷 했으니<br>다시 일하러 가봐야겠군"
2798,false,"좋아!<br>나도 도전해야지!"
2799,false,"버텨봤자 소용없겠지<br>가서 술이나 마셔야겠다…"
2800,false,"당신 말대로 짭짤하게 벌렸어!"
2801,false,"로웨나 님, 어떻습니까?<br>우리 상품은 잘 나가나요?"
2802,false,"호오…<br>저 장비를 저런 식으로…"
2803,false,"다들… 뭘 그렇게 쳐다봐…"
2804,false,"맛있어져라~♪"
2805,false,"어서 오십시오<br>오늘의 추천 요리는 어떠신가요?"
2806,false,"엉뚱한 데로 가져와 버렸네…"
2807,false,"현재 대회가 진행 중입니다!"
2808,false,"이 정도면 됐겠지"
2809,false,"내 앞으로 온 선물이 있으려나?"
2810,false,"하, 할 얘기가 있어!"
2811,false,"으, 응, 무슨 얘긴데?"
2812,false,"이렇게 행복해도 되는 걸까?"
2813,false,"그럼, 아무 걱정 마"
2814,false,"이번에야말로 내 마음을…"
2815,false,"저기… 그… 조, 좋…"
2816,false,"괜찮아, 천천히 말해줘"
2817,false,"무슨 선물 받고 싶어?"
2818,false,"어, 음… 너, 너를…"
2819,false,"아무것도 안 왔잖아…"
2820,false,"초콜릿 받았어?"
2821,false,"아니, 전혀…"
2822,false,"얼른 고백하라고!"
2823,false,"잠깐, 아직 마음의 준비가…"
2824,false,"찻집에서 육체 단련!<br>근육이 참 좋아하는군요!"
2825,false,"오늘도 아주 딴딴했어!"
2826,false,"이쪽으로 온다!"
2827,false,"이렇게 귀여울 수가…!"
2828,false,"헤헤… 잡았다!"
2829,false,"놓치지 않겠다!"
2830,false,"그만 포기해!"
2831,false,"크더란, 달길!<br>크더란, 보무리!"
2832,false,"큭, 침입자 놈들…"
2833,false,"식사에도 신경을 써야겠어"
2834,false,"여러분의 미소가 제 행복입니다…"
2835,false,"무대 상황이…"
2836,false,"오늘도 눈부시더라!"
2837,false,"뜨거운 대결을 지켜볼까"
2838,false,"열기가 엄청나군…"
2839,false,"경주에 관객 좀 왔나…"
2840,false,"초코보는 아름다워…"
2841,false,"폭탄 쾅 터뜨려서 방해해야지~"
2842,false,"폭탄 마구 던져서 방해해야지~"
2843,false,"방심하지 마라…<br>아직 근처에 있다…"
2844,false,"フウウ、この一服のために生きてるぜ。"
2845,false,"未成年のくせに、止めろっても聞きやしねえ。"
2846,false,"げええ。"
2847,false,"寒いよりよかろ、あったまるから飲めや。"
2848,false,"オイオイ、未成年に酒飲ませちゃだめだろ。"
2849,false,"あそこに闇の賭博場があるらしいぜ。"
2850,false,"おいおい、やばいんじゃないか。"
2851,false,"좋다, 친구여!"
2852,false,"전쟁신 할로네여…"
2853,false,"해치워라!"
2854,false,"이단자 놈들!"
2855,false,"그리노 님~!"
2856,false,"가라, 저기다!"
2857,false,"무사하셨군요!<br>이쪽으로 오십시오!"
2858,false,"와아, 축하합니다!"
2859,false,"첫 번째 시련을 돌파하셨네요!"
2860,false,"몸이 뻐근하구만…"
2861,false,"어때, 멋지지?"
2862,false,"얼른 시험해보고 싶어!"
2863,false,"참 좋은 갑옷이야♪"
2864,false,"호되게 당했어…"
2865,false,"어휴, 쪽팔려…"
2866,false,"…죽는 줄 알았네"
2867,false,"다음에는 꼭!"
2868,false,"두고 봐!"
2869,false,"아아… 우리 예쁜 할로네"
2870,false,"물러가라, 물러가라!<br>여기는 바누바누의 땅이다!"
2871,false,"제길, 놈들 강한데!"
2872,false,"얼마 안 남았는데…"
2873,false,"헉헉…"
2874,false,"'새벽'에는 미래가 있다…<br>난 그렇게 생각해"
2875,false,"방어전 때 같이 싸운<br>전우니까!"
2876,false,"고향을 구해준<br>은혜를 갚고 싶어"
2877,false,"프라민 씨가<br>돌아올 때까지는…"
2878,false,"괜찮으세요!?<br>이 이상은 위험해요!"
2879,false,"그르르르릉…"
2880,false,"그워어어엉!"
2881,false,"준비됐어용?<br>그럼 시작할게용!"
2882,false,"프라민 씨에게 배운<br>필살의 춤입니당!"
2883,false,"다음 갑니당!"
2884,false,"감사합니당!"
2885,false,"큭…!"
2886,false,"방심했어…."
2887,false,"젠장, 이런 계집애한테…"
2888,false,"미안한데 뭐 좀 물어보자…"
2889,false,"뭐 아는 거 없어…?"
2890,false,"이까짓 거…!"
2891,false,"제발…!"
2892,false,"낚시는 젬병인데…"
2893,false,"안 낚이네"
2894,false,"오, 도와주러 왔구나!"
2895,false,"제기랄…"
2896,false,"큭…!"
2897,false,"죽을까 보냐!"
2898,false,"고맙다…!"
2899,false,"덕분에 살았다"
2900,false,"망할 드래곤족…"
2901,false,"이렇게 당하다니…!"
2902,false,"제에기랄!"
2903,false,"채굴지로 가는 지름길이…"
2904,false,"미끄러지지 않게 조심해!"
2905,false,"시굴도 힘들겠는데"
2906,false,"채굴하기 쉽지만은 않네…"
2907,false,"꽤 높낮이가 있어"
2908,false,"광맥이 있으면 좋을 텐데…"
2909,false,"급경사로군"
2910,false,"드러난 광맥이 있나…?"
2911,false,"지직… 이상 없음…"
2912,false,"경비 중… 경비 중…"
2913,false,"오류 발생! 오류 발생!"
2914,false,"아지스 라에 오신 것을 환영합니다!<br>아지스 라에 오신 것을 환영합니다!"
2915,false,"드래곤족을<br>우습게 보는 거냐!?"
2916,false,"쓸모없는 점성술사 같으니!"
2917,false,"오늘도 힘내자!"
2918,false,"휴~<br>드디어 하루가 끝났다!"
2919,false,"할아버지<br>슬슬 집에 가요!"
2920,false,"음메~"
2921,false,"음메~ 음메~"
2922,false,"어, 벌써 시간이 이렇게…<br>우리 자기 올 시간이네♪"
2923,false,"오늘도 열심히 일했다~!"
2924,false,"응? 저게 뭐지…?"
2925,false,"이거 큰일인데<br>빈손으로 갈 순 없어"
2926,false,"미끼가 어딨더라…"
2927,false,"으랏차!"
2928,false,"이얍!"
2929,false,"헛!"
2930,false,"추, 추워…<br>누가 좀 열어줘…"
2931,false,"어라?<br>그 녀석 어디 갔지?"
2932,false,"여기는 더 강화해야겠어"
2933,false,"빨리 하라고!<br>감독한테 혼나기 전에!"
2934,false,"여기도 마찬가지네…<br>수리해야겠어"
2935,false,"누가 나 좀~<br>도와줘어어!"
2936,false,"…죽는 줄 알았네"
2937,false,"이상 없음~!"
2938,false,"내가 못살아!<br>완전히 지각이다~!"
2939,false,"아야야…<br>손을 찧었어…"
2940,false,"우에엑…"
2941,false,"마셔라, 마셔!<br>몸이 따뜻해진다고~!"
2942,false,"인마!<br>그렇다고 애한테 술을 먹이냐!"
2943,false,"아직 잡념이 많군…"
2944,false,"제길!<br>저런 녀석한테 질 순 없지!"
2945,false,"야, 밀지 마!"
2946,false,"소리 내지 마!<br>도망가면 어떡해!"
2947,false,"스스스스스…"
2948,false,"못 내려가겠다…<br>스스스스스…"
2949,false,"아이 귀여워~"
2950,false,"위험한 길이지만<br>정신 차리고 가자!"
2951,false,"휴우…"
2952,false,"살았다…"
2953,false,"저… 실례합니다…"
2954,false,"…무슨 일이냐"
2955,false,"여기만 넘으면<br>드라바니아다!"
2956,false,"빨리 사냥하고 싶어!"
2957,false,"이단자의 동향이…"
2958,true,"쿠울…"
2959,true,"쿨… 너무 빨라쿠뽀…"
2960,false,"너무 맛있어서<br>계속 먹게 돼쿠뽀!"
2961,true,"쿠울… 이제 배불러쿠뽀…"
2962,false,"너도 날 수 있어쿠뽀?"
2963,false,"경비 중이야쿠뽀!"
2964,false,"정말 못 해먹겠네~"
2965,false,"으으…"
2966,false,"이봐, 괜찮아!?"
2967,false,"으으… 얼어 죽겠어…"
2968,false,"무거워…!<br>안에 뭐가 든 거야!?"
2969,false,"혼자서는 무리인가…"
2970,false,"거기에 불법 도박장이<br>있다는 소문인데…"
2971,false,"그거 위험한 거 아니야?"
2972,false,"가족 모두…<br>나만 남기고 죽었어…"
2973,false,"얼른 고쳐야 해!"
2974,false,"재료는 있으니 필요한 건…"
2975,false,"이 집에서 제일 비싼 걸로<br>한 3개만 줘볼래?"
2976,false,"어디 보자… 채소 가게가…"
2977,false,"…오빠, 괜찮아?"
2978,false,"…응?<br>뭐라구?"
2979,false,"신학생도<br>참 고생이 많겠어…"
2980,false,"왜 이제 와!<br>걱정했잖아!"
2981,false,"대성당 안에서는<br>조용히 해주십시오"
2982,false,"여기는 출입이<br>금지된 구역입니다"
2983,false,"오늘도 아름다우시군요"
2984,false,"별의 운행을 보아하니…"
2985,false,"이건 뭐지…"
2986,false,"저 별이 저렇게 빛나면…"
2987,false,"어머, 사모님도 참!<br>그러고 보니 댁 남편분이…"
2988,false,"아직 시작하려면 멀었나…"
2989,false,"슈우우… 슈우우…<br>멋진 집 짓자꾸나!"
2990,false,"고기야 고기야~ 얼른 구워져라~"
2991,false,"슈우우… 슈우우…<br>커다란 공방 만들 꺼냐?"
2992,false,"자!<br>오늘 일할 곳은 여기다!"
2993,false,"설치 완료!"
2994,false,"후아~!<br>이 맛에 산다니까"
2995,false,"미성년자에게는 절대로<br>권하지 말라고!"
2996,false,"괜찮아~?"
2997,false,"쿨…쿨…"
2998,false,"땅굴 파능거<br>넘 힘들다…"
2999,false,"신기한 주문이라네<br>쓱싹쓱싹!"
3000,false,"시래슬~<br>이엠이아티피~"
3001,false,"머리를 노리는<br>새로운 기술을…"
3002,false,"최신 하우징 정보를<br>찾고 있는데…"
3003,false,"이번에 사용할 장비가…"
3004,false,"어떻게 조정해볼까"
3005,false,"더 강하게 해볼까…?"
3006,false,"이렇게 하면 더 재밌어!"
3007,false,"이쪽이 더 재밌다니까!"
3008,false,"게시판에 이런 의견이!"
3009,false,"다음 이벤트는요…"
3010,false,"몇 마리 안 보이는데…"
3011,false,"요시다 씨는 안쪽에 있어!"
3012,false,"다음은 어떤 소리를 만들까…♪"
3013,false,"   ♪"
3014,false,"꼬마 친구에게 위안을 받아야지"
3015,false,"역시 꼬마 친구는 좋아…"
3016,false,"싫어요…"
3017,false,"해적놀이 하자구~"
3018,false,"너희들, 적당히 해!"
3019,false,"시끄러, 참견 마!"
3020,false,"뭐? 이 자식이!"
3021,false,"불만 있냐?"
3022,false,"험악한 사람이 많네…"
3023,false,"자기야, 무서워…"
3024,false,"여기는 괜찮으려나…"
3025,false,"자기, 나 지켜줄 거지…?"
3026,false,"쓰레기 좀 치워!"
3027,false,"거 쫑알쫑알 시끄럽구만!"
3028,false,"어디 덤벼보시지!"
3029,false,"그래, 한판 붙자!"
3030,false,"맛있다~"
3031,false,"우리 공주님, 어쩜 이렇게 예쁠까?"
3032,false,"아이 참, 부끄럽게…"
3033,false,"아이고 아파"
3034,false,"피, 피 나잖아~!"
3035,false,"꺄하하~!"
3036,false,"우후후후"
3037,false,"괜찮지? 내 귀염둥이"
3038,false,"아잉~!"
3039,false,"달링은 내 거야"
3040,false,"이얏호!"
3041,false,"축제다, 축제!!"
3042,false,"꺄하하하하~!!"
3043,false,"와~ 신난다~!"
3044,false,"경치가 참 좋네…"
3045,false,"전투는 머릿수야!<br>물량 공세로 간다!"
3046,false,"조금만 더 유인해서…<br>우후후…♪"
3047,false,"성격 나오네…"
3048,false,"구성에도 신경 썼어요!"
3049,false,"어떻게 했는데요?"
3050,false,"몽땅 만드라즈로 했죠!"
3051,false,"그, 그게 먹혀요…?"
3052,false,"MGP를 털어서 교환했지<br>너만 믿는다!"
3053,false,"보글보글!!"
3054,false,"우리 둘만의 시간이야"
3055,false,"무서워~"
3056,false,"바다에 들어가고 싶어~"
3057,false,"불꽃놀이 기대된다~"
3058,false,"모험가님들 정말 멋있었어~"
3059,false,"얼른 변신시켜줘요~"
3060,false,"아직 멀었어요?"
3061,false,"막 두근거려!"
3062,false,"빨리 변신 좀요~"
3063,false,"빨리 과자 주세요!"
3064,false,"저 시간 없거든요?"
3065,false,"이 정도면 되겠지!"
3066,false,"니히히…"
3067,false,"오르슈팡…<br>자넨 항상 그랬지…"
3068,false,"…자네도 왔군<br>하긴, 어떻게 잊을 수 있겠나"
3069,false,"흑… 우리 집…<br>다 타버렸어…"
3070,false,"내가 구름안개 거리를 지킬 거야!"
3071,false,"어떻게 이런 일이…"
3072,false,"이제 어떡하려고 그래!<br>정신 차려, 당신!"
3073,false,"수상한 놈은 없나?"
3074,false,"자, 자!<br>맘껏 드십쇼~"
3075,false,"에누바누 님 실력이<br>출중하구려!"
3076,false,"슬슬 갈까…"
3077,false,"오, 너구나"
3078,false,"가끔은 숨 좀 돌려야지"
3079,false,"마항선의 에테르를 측정 중이야"
3080,false,"수치가 조금 변화했어…"
3081,false,"배의 현재 위치가…"
3082,false,"뜬소문도 중요한 정보야"
3083,false,"옆에 있는 녀석이 시끄러워서<br>술을 못 마시겠어…"
3084,false,"다른 데 가서 알아보자"
3085,false,"좋아, 완벽해!"
3086,false,"괜찮은 사냥감인데!"
3087,false,"아, 미끼를 깜박했네<br>얘는 어떻게 잡힌 거야…?"
3088,false,"휴우, 보람차군"
3089,false,"잘 진행되고 있군<br>저녁밥 기대할게!"
3090,false,"음, 훌륭한 맛이야!"
3091,false,""
3092,false,"크크큭…!"
3093,false,"신의 심판을 받아라!"
3094,false,"전쟁신이시여, 힘을 주소서!"
3095,false,"죽어라!"
3096,false,"괜찮으십니까?"
3097,false,"이제 안심하십시오…"
3098,false,"장하다, 잘 버텨줬어…"
3099,false,"지나가는 사람 조심해!"
3100,false,"순조롭네"
3101,false,"슈우우… 슈우우…<br>대공방 만들자 어서 만들자~!"
3102,false,"이거 큰 사업이네"
3103,false,"나와 결혼하는 넌<br>정말 행운아야!"
3104,false,"……영광이에요"
3105,false,"집안끼리 정한 결혼…<br>받아들여야 하는 걸까?"
3106,false,"아뇨…<br>제 숙명이니까요…"
3107,false,"아가씨, 표정이 안 좋군<br>무슨 일 있어?"
3108,false,"내가 해줄 건…<br>아무것도 없는 거야?"
3109,false,"고블린 모자 쓰면<br>우리 모두 친~구!"
3110,false,"고블린 모자!<br>너도 친~구!"
3111,false,"고블린족의 기술을<br>배우고 싶어!"
3112,false,"인간 친구 대환영!<br>지식 교환 대찬성!"
3113,false,"…그래"
3114,false,"어머니…<br>이 날이 왔어요!"
3115,false,"이제 다시 시작이다…"
3116,false,"용은 아직 안 왔나?"
3117,false,"빨리 개최됐으면"
3118,false,"어떤 행사가 될까"
3119,false,"야~이<br>바보 똥개야!"
3120,false,"다 뛰어난 인재들이니까"
3121,false,"우리가 반드시 이긴다!"
3122,false,"스스스스스…<br>역시 으뜸이는 대단해"
3123,false,"스스스스스…<br>인간 모험가만큼은 아냐"
3124,false,"일 끝냈어"
3125,false,"스스스스스…<br>수고했다"
3126,false,"보상은?"
3127,false,"갓 수확한 기살의 야채<br>가지고 왔어"
3128,false,"스스스스스…<br>거참 맛있겠군"
3129,false,"호오, 이거 훌륭한데"
3130,false,"저기 드래곤상<br>꽤 좋은 물건인데"
3131,false,"스스스스스…<br>드래곤족이 준 거야"
3132,false,"드래곤족이랑도 거래해!?<br>참, 의뢰 내용 말인데…"
3133,false,"자, 의뢰했던 화약이다"
3134,false,"스스스스스…<br>항상 고맙다"
3135,false,"부탁했던 금속제품<br>만들어 왔다~"
3136,false,"스스스스스…<br>잘 만들었군"
3137,false,"위험한 의뢰인데…<br>괜찮겠나?"
3138,false,"스스스스스…<br>보상만 좋으면야"
3139,false,"난 멘토야<br>무엇이든 물어봐"
3140,false,"잘 부탁드립니다!"
3141,false,"최종 훈련이 어려워서…"
3142,false,"으아아악!<br>사, 살려줘~!"
3143,false,"이 공원이 완성되면<br>우리 애들도 좋아할 거야"
3144,false,"같이 연구하실 분~!"
3145,false,"인간이랑 고브랑 손을 잡고서<br>새로운 첨단기술 개발해보자~"
3146,false,"당신, 잠시만 기다려 주시오!<br>우리와 함께 연구하지 않겠소?"
3147,false,"연금술은 조금 맛만 본 정도인데…"
3148,false,"어떤 지식도 가리지 않아!<br>고블린 모자도 바로 드린다!"
3149,false,"다음엔 여기서 뭘 할 거야?"
3150,false,"로웨나 님 사업계획에 달렸지"
3151,false,"후후, 그렇게 재밌는 곳이<br>있는 줄 몰랐어요!"
3152,false,"자… 여기까지 오면 됐지?"
3153,false,"고맙습니다<br>꿈만 같은 시간이었어요…"
3154,false,"새장 속에서 뛰쳐나와<br>내일도 즐겁게 살아가자"
3155,false,"하지만 집안의 결정 때문에…"
3156,false,"…더는 슬픈 얼굴 하지 마"
3157,false,"오늘 자정, 건국 열두 기사상<br>아래에서 널 기다릴게"
3158,false,"어쩌면 좋지…"
3159,false,"처음 본 순간부터<br>너에게 미소를 선물하고 싶었어…"
3160,false,"이대로 날 따라와<br>새로운 세상으로 가자…!"
3161,true,"네…!"
3162,false,"이건…<br>주인님께 알려야 해!"
3163,false,"채소는 샀고… 고기도 사야지…"
3164,false,"오빠, 저 과자 좀 봐!<br>너무 맛있겠다!"
3165,false,"이렇게 쉽게?"
3166,false,"다음 구역으로 가라!"
3167,false,"시련은 계속된다!"
3168,false,"동생아, 괜찮냐…?"
3169,false,"혀, 형…<br>숨은 붙어있어"
3170,false,"간닷!"
3171,false,"받아랏!"
3172,false,"거기 서라!"
3173,false,"내 비장의 검술<br>막아낼 수 있을까?"
3174,false,"그림자의 공포를 느껴라!"
3175,false,"지금이닷!"
3176,false,"내 나이프를<br>피해갈 순 없다!"
3177,false,"대, 대단하군…"
3178,false,"그림자는 빛에<br>이길 수 없는가…"
3179,false,"상대가 안 되잖아…"
3180,false,"간다앗!"
3181,false,"으랏차!"
3182,false,"으아아아!<br>제대로 싸워주마!"
3183,false,"날려주지!"
3184,false,"내 도끼는…<br>바다를 가른다!"
3185,false,"이 앞에 있는 멍청이한테는<br>절대 지지 말라고…"
3186,false,"훗… 참고가 될 만한<br>좋은 전투였습니다"
3187,false,"흑와는<br>모든 것을 삼킨다!"
3188,false,"피하지 않으면<br>다치는 걸로 안 끝난다!"
3189,false,"으랴아아아!"
3190,false,"아래쪽이 빈틈투성이다!"
3191,false,"이쪽은 수가 적으니<br>수단을 가릴 필요는 없겠지?"
3192,false,"이것이 해적왕의 기술이다!"
3193,false,"대포용 화약통이다…<br>조심해서 다뤄!"
3194,false,"이렇게 상쾌한 전투는<br>정말 오랜만이었습니다!"
3195,false,"에인차, 괜찮나?<br>무모한 짓을 했군…"
3196,false,"아지트를 노리는 배의 그림자…"
3197,false,"기력을 보충하고 있어"
3198,false,"보물… 잔뜩… 쿨쿨"
3199,false,"휴식을 즐기러 왔나?"
3200,false,"흠, 편하게 있다 가라"
3201,false,"다들 너무 지저분해"
3202,false,"마지막으로 힘내자<br>늦으면 안 돼!"
3203,false,"힘 쓰는 일은 내게 맡겨!"
3204,false,"차, 참을 수 없군요"
3205,false,"러블리 빔!"
3206,false,"과연…"
3207,false,"'현대 연금술 입문'?<br>수상한 책이네…"
3208,false,"화, 화력에는!<br>자, 자신 있습니다!"
3209,false,"제, 젠장…<br>자꾸 떨리잖아…"
3210,false,"성도에 남은 가족을 위해<br>사수하고 말겠다!"
3211,false,"혹독한 훈련의 성과를<br>보여줄 때다!"
3212,false,"정신 차려!<br>사룡, 네 이놈…!"
3213,false,"레미유호 상태는 어때?"
3214,false,"내가 정비했으니<br>당연히 문제 없지!"
3215,false,"소중한 비공정은 늘 완벽하게 유지해야지…"
3216,false,"좋아, 언제든 날 수 있어"
3217,false,"으음, 수상한 녀석…"
3218,false,"●심층: 00011_01(플레이어가 다가갔을 때 1)"
3219,false,"●심층: 00011_02(플레이어가 다가갔을 때 2)"
3220,false,"●심층: 00011_03(정시에 떠났을 때)"
3221,false,"누구나 사이좋게 모이는 장소<br>커다란 회관 건물 만들어보자~"
3222,false,"땀이 차는군…"
3223,false,"쿵 쾅 쿵 쾅♪<br>때리자 고브고브~♪"
3224,false,"승강장치 운전 중…<br>까마득한 바닥까지 슝 내려간다~"
3225,false,"슈우우… 슈우우…<br>다음 과제는 지식의 보고…"
3226,false,"저기, 저기!<br>나 재봉사인데 괜찮니?"
3227,false,"저 여자…<br>내게서 도망치다니!"
3228,false,"주인님, 두 사람은<br>이딜샤이어에 간 것으로…"
3229,false,"여봐라, 여자를 끌고 와!"
3230,false,"알겠다<br>받은 만큼은 일하지…"
3231,false,"하하하, 소용없습니다~"
3232,false,"적이 나타나면<br>제가 막겠습니다!"
3233,false,"취, 취한 것 같다쿠뽀…"
3234,false,"어지럽다쿠뽀오"
3235,false,"왜지…<br>돈도 지위도 있는데…"
3236,true,"주인님…"
3237,false,"여자를 내놔라!"
3238,false,"절대 보낼 수 없어!"
3239,false,"어쩌지…<br>돈이 모자라"
3240,false,"가서 솔직히 말씀드리자<br>어머님도 걱정하실 거야"
3241,false,"응…"
3242,false,"그 애가 늦은 밤<br>공원에서 울고 있대…"
3243,false,"이제 됐어…<br>그러니까 그만해…!"
3244,false,"엄마, 아빠…<br>오늘도 집에 안 왔어"
3245,false,"뀨우…"
3246,false,"모그진이<br>어디 갔지쿠뽀?"
3247,false,"기분 좋다쿠뽀… 쿠울"
3248,false,"광장 밖은 위험해쿠뽀!"
3249,false,"너무 어렵다쿠뽀…"
3250,false,"기합 넣고!<br>더 힘을 줘서!"
3251,false,"거긴 더 꼼꼼하게!"
3252,false,"거기, 비뚤어졌다쿠뽀!"
3253,false,"…수평은 맞아쿠뽀?"
3254,false,"여기 따뜻하다쿠뽀… 쿠울"
3255,false,"다 같이 놀자쿠뽀♪"
3256,false,"이거 꽤 어렵군"
3257,false,"춤추는 모그리 귀여워…"
3258,false,"녹초가 됐다쿠뽀…"
3259,false,"조금 쉬어야<br>할 것 같다쿠뽀"
3260,false,"나머진 다른 애들한테<br>맡겨야지쿠뽀"
3261,false,"모, 몸이 도저히<br>안 따라준다쿠뽀…"
3262,false,"에잇! 얍!"
3263,false,"멋진 조각상쿠뽀~"
3264,false,"멍하니 보지 말고 일해라쿠뽀!"
3265,false,"다, 당했다쿠뽀…"
3266,false,"보기 좋게 속았다쿠뽀"
3267,false,"왜 우리가<br>이런 일을…"
3268,false,"로웨나 님 기분에 달렸지…"
3269,false,"이봐!<br>재료는 안 부족해?"
3270,false,"네, 괜찮슴다!"
3271,false,"복원단은<br>우리가 지킨다!"
3272,false,"아름다운 광장이야, 좋은걸…"
3273,false,"유쾌한 춤이군, 나쁘지 않아…"
3274,false,"인간과 함께 있는 것도 놀라운데<br>이렇게나 편안하다니…"
3275,false,"드래곤과 같이 있는데<br>이렇게 평온할 수가…"
3276,false,"(임시) 들켜버렸군, 케케케"
3277,false,"（仮）ハロウィン2016_仮BALLOON_02"
3278,false,""
3279,false,"음냐음냐…"
3280,false,"너, 너는!<br>…어라, 기억이 안 나"
3281,false,"자, 자네는!<br>…음, 누구였더라?"
3282,false,"슈우우… 슈우우…<br>…또 부재중이냐?"
3283,false,""
3284,false,""
3285,false,""
3286,false,"실력이 제법 늘었구나!"
3287,false,"인간과 고브가 함께 만드는<br>참신한 디자인 기대하시라!"
3288,false,"나쁘지 않은데!<br>울끈불끈 힘을 보태주지!"
3289,false,"음훗, 이 가면<br>완~전 폼나지?"
3290,false,"물이 잘 돌아서<br>이제 좀 살겠어!"
3291,false,"그 머리 모양이 이상한 녀석들은<br>대체 뭐였을까…"
3292,false,"대공방 직원 모집 중!<br>곧 마감됩니다!"
3293,false,"막바지 신청 마감 직전 신청<br>모두 다 환영~!"
3294,false,"거기 가는 아가씨 잠깐 기다려!<br>우리와 함께 연구 해보잖겠나?"
3295,false,"끄아아아!<br>이제 그만~!"
3296,false,"만들어라 만들어 새로운 시설!<br>연구 성과로 가득 채우자~"
3297,false,"이제 너는 평생 편히 살 수 있다<br>풍족한 생활을 약속하지"
3298,false,"주인님, 이제 슬슬<br>식 준비를…"
3299,false,"잠깐!"
3300,false,"넌 누구냐?<br>구걸은 다른 데서 해라"
3301,false,"그래, 너였군!<br>남의 여자를 홀린 놈이!"
3302,false,"어떤 벌을 받는다 해도<br>그녀의 미소를 지키고 싶다!"
3303,false,"신경 쓸 것 없다<br>식을 준비하러 가자"
3304,false,"그래요, 당신과 있으면<br>부족할 것 없이 살겠죠…"
3305,false,"하지만, 웃을 수는 없을 거예요<br>진정한 행복을 알았거든요…"
3306,false,"제발 보내주세요<br>저 사람과 함께 살고 싶어요!"
3307,false,"…그렇다면 다시는 놓지 마라<br>그리고, 그녀를 행복하게 해줘라"
3308,false,"그렇지 않으면<br>내가 다시 데리러 갈 테니"
3309,false,"그래… 꼭 행복하게 해주겠어!"
3310,true,"얻지 못했군…<br>가장 사랑한 그 미소만은…"
3311,false,""
