Index,0 [0x0][0x0],1 [0x2][0xc],2 [0x0][0x4],3 [0x2][0xd],4 [0x2][0xe],5 [0x2][0xf],6 [0x2][0x10],7 [0x2][0x11],8 [0x0][0x8],9 [0x3][0x14]
0,"",0,"",0,0,1,0,0,"",0
1,"",0,"",0,0,0,0,0,"",0
2,"",0,"",0,0,0,0,0,"",0
3,"",0,"",0,0,0,0,0,"",0
4,"",0,"",0,0,0,0,0,"",0
5,"",0,"",0,0,0,0,0,"",0
6,"",0,"",0,0,0,0,0,"",0
7,"",0,"",0,0,0,0,0,"",0
8,"",0,"",0,0,0,0,0,"",0
9,"",0,"",0,0,0,0,0,"",0
10,"",0,"",0,0,0,0,0,"",0
11,"",0,"",0,0,0,0,0,"",0
12,"",0,"",0,0,0,0,0,"",0
13,"",0,"",0,0,0,0,0,"",0
14,"",0,"",0,0,0,0,0,"",0
15,"",0,"",0,0,0,0,0,"",0
16,"",0,"",0,0,0,0,0,"",0
17,"",0,"",0,0,0,0,0,"",0
18,"길드 의뢰",0,"",0,0,1,0,0,"",0
19,"",0,"",0,0,0,0,0,"",0
20,"하이델린",0,"",0,0,1,0,0,"",0
21,"에오르제아",0,"",0,0,1,0,0,"",0
22,"라노시아",0,"",0,0,1,0,0,"",0
23,"검은장막 숲",0,"",0,0,1,0,0,"",0
24,"다날란",0,"",0,0,1,0,0,"",0
25,"커르다스",0,"",0,0,1,0,0,"",0
26,"모르도나",0,"",0,0,1,0,0,"",0
27,"림사 로민사",0,"",0,0,1,0,0,"",0
28,"림사 로민사 상층 갑판",0,"",0,0,1,0,0,"",0
29,"림사 로민사 하층 갑판",0,"",0,0,1,0,0,"",0
30,"중부 라노시아",0,"",0,0,1,0,0,"",0
31,"저지 라노시아",0,"",0,0,1,0,0,"",0
32,"동부 라노시아",0,"",0,0,1,0,0,"",0
33,"서부 라노시아",0,"",0,0,1,0,0,"",0
34,"고지 라노시아",0,"",0,0,1,0,0,"",0
35,"사스타샤 침식 동굴",0,"",0,0,1,0,0,"",0
36,"브레이플록스의 야영지",0,"",0,0,1,0,0,"",0
37,"방랑자의 궁전",0,"",0,0,1,0,0,"",0
38,"",0,"",0,0,0,0,0,"",0
39,"그리다니아",0,"",0,0,1,0,0,"",0
40,"울다하 날 회랑",0,"",0,0,1,0,0,"",0
41,"울다하 달 회랑",0,"",0,0,1,0,0,"",0
42,"서부 다날란",0,"",0,0,1,0,0,"",0
43,"중부 다날란",0,"",0,0,1,0,0,"",0
44,"동부 다날란",0,"",0,0,1,0,0,"",0
45,"남부 다날란",0,"",0,0,1,0,0,"",0
46,"북부 다날란",0,"",0,0,1,0,0,"",0
47,"나무꾼의 비명",0,"",0,0,1,0,0,"",0
48,"구리종 광산",0,"",0,0,1,0,0,"",0
49,"할라탈리 수련장",0,"",0,0,1,0,0,"",0
50,"카른의 무너진 사원",0,"",0,0,1,0,0,"",0
51,"울다하",0,"",0,0,1,0,0,"",0
52,"그리다니아 신시가지",0,"",0,0,1,0,0,"",0
53,"그리다니아 구시가지",0,"",0,0,1,0,0,"",0
54,"검은장막 숲 중부삼림",0,"",0,0,1,0,0,"",0
55,"검은장막 숲 동부삼림",0,"",0,0,1,0,0,"",0
56,"검은장막 숲 남부삼림",0,"",0,0,1,0,0,"",0
57,"검은장막 숲 북부삼림",0,"",0,0,1,0,0,"",0
58,"탐타라 묘소",0,"",0,0,1,0,0,"",0
59,"하우케타 별궁",0,"",0,0,1,0,0,"",0
60,"",0,"",0,0,0,0,0,"",0
61,"토토라크 감옥",0,"",0,0,1,0,0,"",0
62,"이슈가르드",0,"",0,0,1,0,0,"",0
63,"커르다스 중앙고지",0,"",0,0,1,0,0,"",0
64,"제멜 요새",0,"",0,0,1,0,0,"",0
65,"금빛 골짜기",0,"",0,0,1,0,0,"",0
66,"동방 지역",0,"",0,0,1,0,0,"",0
67,"모르도나",0,"",0,0,1,0,0,"",0
68,"비취 호수",0,"",0,0,1,0,0,"",0
69,"숲눈물 벌채지",0,"",0,0,1,0,0,"",0
70,"굽은가지 가도",0,"",0,0,1,0,0,"",0
71,"수영풀 쉼터",0,"",0,0,1,0,0,"",0
72,"송장나무 숲",0,"",0,0,1,0,0,"",0
73,"벌꿀 마당",0,"",0,0,1,0,0,"",0
74,"아홉덩굴 숲",0,"",0,0,1,0,0,"",0
75,"가시나무 숲",0,"",0,0,1,0,0,"",0
76,"종달새의 지저귐",0,"",0,0,1,0,0,"",0
77,"실프 영지",0,"",0,0,1,0,0,"",0
78,"높은길",0,"",0,0,1,0,0,"",0
79,"낮은길",0,"",0,0,1,0,0,"",0
80,"뱀허물 숲",0,"",0,0,1,0,0,"",0
81,"침묵의 화단",0,"",0,0,1,0,0,"",0
82,"우르드의 선물",0,"",0,0,1,0,0,"",0
83,"소근소근 덤불",0,"",0,0,1,0,0,"",0
84,"평온의 정원",0,"",0,0,1,0,0,"",0
85,"오리나무 샘",0,"",0,0,1,0,0,"",0
86,"영광의 개울",0,"",0,0,1,0,0,"",0
87,"푸른 오소리 관문",0,"",0,0,1,0,0,"",0
88,"하얀 늑대 관문",0,"",0,0,1,0,0,"",0
89,"길버트 감시초소",0,"",0,0,1,0,0,"",0
90,"배넉 연병장",0,"",0,0,1,0,0,"",0
91,"가비노의 오두막",0,"",0,0,1,0,0,"",0
92,"맨바위 언덕",0,"",0,0,1,0,0,"",0
93,"워렌 감옥",0,"",0,0,1,0,0,"",0
94,"굽은가지 목장",0,"",0,0,1,0,0,"",0
95,"갈반스 감시초소",0,"",0,0,1,0,0,"",0
96,"대지신의 망각",0,"",0,0,1,0,0,"",0
97,"탐타라 묘소",0,"",0,0,1,0,0,"",0
98,"거울못 나루",0,"",0,0,1,0,0,"",0
99,"수련암",0,"",0,0,1,0,0,"",0
100,"울타리나무",0,"",0,0,1,0,0,"",0
101,"영원그늘",0,"",0,0,1,0,0,"",0
102,"하우케타 별궁",0,"",0,0,1,0,0,"",0
103,"공물단",0,"",0,0,1,0,0,"",0
104,"움트는 연못",0,"",0,0,1,0,0,"",0
105,"비늘바위",0,"",0,0,1,0,0,"",0
106,"스프리건 소굴",0,"",0,0,1,0,0,"",0
107,"호손 일가의 산장",0,"",0,0,1,0,0,"",0
108,"울타리나무",0,"",0,0,1,0,0,"",0
109,"",0,"",0,0,0,0,0,"",0
110,"아마리세 감시초소",0,"",0,0,1,0,0,"",0
111,"카스트룸 오리엔스",0,"",0,0,1,0,0,"",0
112,"열두 신 대성당",0,"",0,0,1,0,0,"",0
113,"실프 임시 주거지",0,"",0,0,1,0,0,"",0
114,"달빛홀씨 숲",0,"",0,0,1,0,0,"",0
115,"요람나무",0,"",0,0,1,0,0,"",0
116,"금빛잎새 단",0,"",0,0,1,0,0,"",0
117,"대롱대롱 꽈리",0,"",0,0,1,0,0,"",0
118,"버스카론 감시소 옛터",0,"",0,0,1,0,0,"",0
119,"주점 '버스카론 맘대로'",0,"",0,0,1,0,0,"",0
120,"토토라크 감옥",0,"",0,0,1,0,0,"",0
121,"이솜하 구덩이",0,"",0,0,1,0,0,"",0
122,"주인 없는 암자",0,"",0,0,1,0,0,"",0
123,"고요한 야영지",0,"",0,0,1,0,0,"",0
124,"",0,"",0,0,0,0,0,"",0
125,"옛 암다포르 시가지",0,"",0,0,1,0,0,"",0
126,"징검뿌리 늪지대",0,"",0,0,1,0,0,"",0
127,"남부삼림 발착장",0,"",0,0,1,0,0,"",0
128,"옛 암다포르 성",0,"",0,0,1,0,0,"",0
129,"채석공방",0,"",0,0,1,0,0,"",0
130,"붉은둔덕 요새",0,"",0,0,1,0,0,"",0
131,"고블린족 야영지",0,"",0,0,1,0,0,"",0
132,"낙엽 유입지",0,"",0,0,1,0,0,"",0
133,"우르드의 샘",0,"",0,0,1,0,0,"",0
134,"",0,"",0,0,0,0,0,"",0
135,"노란 뱀 관문",0,"",0,0,1,0,0,"",0
136,"소근소근 조련소",0,"",0,0,1,0,0,"",0
137,"에 타타 감시초소",0,"",0,0,1,0,0,"",0
138,"울타리나무",0,"",0,0,1,0,0,"",0
139,"숲언덕 공방",0,"",0,0,1,0,0,"",0
140,"가을박 마을",0,"",0,0,1,0,0,"",0
141,"둥둥 뜬 코르크 여관",0,"",0,0,1,0,0,"",0
142,"플로렌텔 감시초소",0,"",0,0,1,0,0,"",0
143,"산길잡이 바위굴",0,"",0,0,1,0,0,"",0
144,"겔모라 유적",0,"",0,0,1,0,0,"",0
145,"이크살군 벌채장",0,"",0,0,1,0,0,"",0
146,"유지니아 감시초소",0,"",0,0,1,0,0,"",0
147,"초보자의 집",0,"",0,0,1,0,0,"",0
148,"",0,"",0,0,0,0,0,"",0
149,"",0,"",0,0,0,0,0,"",0
150,"",0,"",0,0,0,0,0,"",0
151,"여관 '둥지나무'",0,"",0,0,1,0,0,"",0
152,"에오르제아 지하공간",0,"",0,0,1,0,0,"",0
153,"모르디온 감옥",0,"",0,0,1,0,0,"",0
154,"더 폴드",0,"",0,0,1,0,0,"",0
155,"꽃꿀 나루",0,"",0,0,1,0,0,"",0
156,"서쪽 잎맥",0,"",0,0,1,0,0,"",0
157,"동쪽 잎맥",0,"",0,0,1,0,0,"",0
158,"조슬랑 감시초소",0,"",0,0,1,0,0,"",0
159,"들꽃만발 양봉장",0,"",0,0,1,0,0,"",0
160,"정령 깃든 어린나무",0,"",0,0,1,0,0,"",0
161,"산들바람 줄기",0,"",0,0,1,0,0,"",0
162,"여름여울",0,"",0,0,1,0,0,"",0
163,"삼 말름 굽잇길",0,"",0,0,1,0,0,"",0
164,"모라비 만",0,"",0,0,1,0,0,"",0
165,"삼나무 숲",0,"",0,0,1,0,0,"",0
166,"신의 손아귀",0,"",0,0,1,0,0,"",0
167,"핏빛해안",0,"",0,0,1,0,0,"",0
168,"빗물받이 숲",0,"",0,0,1,0,0,"",0
169,"아젤리스 옛 가도",0,"",0,0,1,0,0,"",0
170,"쿼터스톤",0,"",0,0,1,0,0,"",0
171,"해골 골짜기",0,"",0,0,1,0,0,"",0
172,"하프스톤",0,"",0,0,1,0,0,"",0
173,"환영 제도",0,"",0,0,1,0,0,"",0
174,"참나무 숲",0,"",0,0,1,0,0,"",0
175,"기나긴 오르막",0,"",0,0,1,0,0,"",0
176,"무쇠호수",0,"",0,0,1,0,0,"",0
177,"청동호수",0,"",0,0,1,0,0,"",0
178,"젤마 계곡",0,"",0,0,1,0,0,"",0
179,"산들바람 관문",0,"",0,0,1,0,0,"",0
180,"갈라디온 만",0,"",0,0,1,0,0,"",0
181,"데네벨 가도",0,"",0,0,1,0,0,"",0
182,"불량배 강",0,"",0,0,1,0,0,"",0
183,"라다그란 관문",0,"",0,0,1,0,0,"",0
184,"여름여울 농장",0,"",0,0,1,0,0,"",0
185,"바다노래 석굴",0,"",0,0,1,0,0,"",0
186,"아젤리스 강",0,"",0,0,1,0,0,"",0
187,"가마솥 공터",0,"",0,0,1,0,0,"",0
188,"개척자의 헛간",0,"",0,0,1,0,0,"",0
189,"낭떠러지 절벽",0,"",0,0,1,0,0,"",0
190,"하늘승강기",0,"",0,0,1,0,0,"",0
191,"데네벨 관문",0,"",0,0,1,0,0,"",0
192,"속삭임 골짜기",0,"",0,0,1,0,0,"",0
193,"니므 강",0,"",0,0,1,0,0,"",0
194,"앞돛대 탑",0,"",0,0,1,0,0,"",0
195,"미아교",0,"",0,0,1,0,0,"",0
196,"안경 바위",0,"",0,0,1,0,0,"",0
197,"과부의 눈물",0,"",0,0,1,0,0,"",0
198,"폭풍 관문",0,"",0,0,1,0,0,"",0
199,"오쉬온 대교",0,"",0,0,1,0,0,"",0
200,"붉은수탉 농장",0,"",0,0,1,0,0,"",0
201,"회색함대 풍차마을",0,"",0,0,1,0,0,"",0
202,"눈먼 무쇠 갱도",0,"",0,0,1,0,0,"",0
203,"라다그란 가도",0,"",0,0,1,0,0,"",0
204,"버려진 폐가",0,"",0,0,1,0,0,"",0
205,"흰갈매기 탑",0,"",0,0,1,0,0,"",0
206,"코스타 델 솔",0,"",0,0,1,0,0,"",0
207,"아젤리스 강",0,"",0,0,1,0,0,"",0
208,"선착장",0,"",0,0,1,0,0,"",0
209,"갈록의 보금자리",0,"",0,0,1,0,0,"",0
210,"선착장: 숨겨진 폭포",0,"",0,0,1,0,0,"",0
211,"숨겨진 폭포",0,"",0,0,1,0,0,"",0
212,"브레이플록스의 야영지",0,"",0,0,1,0,0,"",0
213,"끊어진 가죽끈 주막",0,"",0,0,1,0,0,"",0
214,"붉은사마귀 폭포",0,"",0,0,1,0,0,"",0
215,"선착장: 빗물받이 숲",0,"",0,0,1,0,0,"",0
216,"포도주 항구",0,"",0,0,1,0,0,"",0
217,"카스트룸 옥시덴스",0,"",0,0,1,0,0,"",0
218,"칼새횃대 개척지",0,"",0,0,1,0,0,"",0
219,"도도 서식지",0,"",0,0,1,0,0,"",0
220,"양조장이 등대",0,"",0,0,1,0,0,"",0
221,"데네벨 가도",0,"",0,0,1,0,0,"",0
222,"사스타샤 침식 동굴",0,"",0,0,1,0,0,"",0
223,"맥주 항구",0,"",0,0,1,0,0,"",0
224,"해골 골짜기 야영지",0,"",0,0,1,0,0,"",0
225,"에어크햄 묘지",0,"",0,0,1,0,0,"",0
226,"북쪽 방파벽",0,"",0,0,1,0,0,"",0
227,"남쪽 방파벽",0,"",0,0,1,0,0,"",0
228,"배의 무덤",0,"",0,0,1,0,0,"",0
229,"",0,"",0,0,0,0,0,"",0
230,"시리우스 대등대",0,"",0,0,1,0,0,"",0
231,"메메룬 교역상점",0,"",0,0,1,0,0,"",0
232,"가여운 여인의 제재소",0,"",0,0,1,0,0,"",0
233,"살라오스의 유해",0,"",0,0,1,0,0,"",0
234,"얼간이 폭포",0,"",0,0,1,0,0,"",0
235,"은둔자의 암자",0,"",0,0,1,0,0,"",0
236,"니므 하늘유적",0,"",0,0,1,0,0,"",0
237,"감시대 야영지",0,"",0,0,1,0,0,"",0
238,"우가마로 무장광산",0,"",0,0,1,0,0,"",0
239,"청동호수 야영지",0,"",0,0,1,0,0,"",0
240,"방랑자의 궁전",0,"",0,0,1,0,0,"",0
241,"지지룬 교역상점",0,"",0,0,1,0,0,"",0
242,"코볼드군 시굴지",0,"",0,0,1,0,0,"",0
243,"망치 대지",0,"",0,0,1,0,0,"",0
244,"지평선 가장자리",0,"",0,0,1,0,0,"",0
245,"발자국 계곡",0,"",0,0,1,0,0,"",0
246,"하늬바람 곶",0,"",0,0,1,0,0,"",0
247,"가시 빠진 분지",0,"",0,0,1,0,0,"",0
248,"검은솔 들판",0,"",0,0,1,0,0,"",0
249,"악마의 손아귀",0,"",0,0,1,0,0,"",0
250,"마른뼈 황야",0,"",0,0,1,0,0,"",0
251,"모래 관문",0,"",0,0,1,0,0,"",0
252,"웰윅 숲",0,"",0,0,1,0,0,"",0
253,"불타는 장벽",0,"",0,0,1,0,0,"",0
254,"불결한 샘터",0,"",0,0,1,0,0,"",0
255,"잔라크",0,"",0,0,1,0,0,"",0
256,"붉은 미궁",0,"",0,0,1,0,0,"",0
257,"사골리 사막",0,"",0,0,1,0,0,"",0
258,"푸른안개 수맥",0,"",0,0,1,0,0,"",0
259,"라우반의 완충지",0,"",0,0,1,0,0,"",0
260,"카스트룸 메리디아눔",0,"",0,0,1,0,0,"",0
261,"사사모의 여든 계단",0,"",0,0,1,0,0,"",0
262,"횃불산 등대",0,"",0,0,1,0,0,"",0
263,"전갈 교역소",0,"",0,0,1,0,0,"",0
264,"노피카의 우물",0,"",0,0,1,0,0,"",0
265,"말뚝박기탑 1호",0,"",0,0,1,0,0,"",0
266,"은 장터",0,"",0,0,1,0,0,"",0
267,"구리종 광산",0,"",0,0,1,0,0,"",0
268,"해돋이 문",0,"",0,0,1,0,0,"",0
269,"해넘이 문",0,"",0,0,1,0,0,"",0
270,"알라그 햇길",0,"",0,0,1,0,0,"",0
271,"지평선 관문",0,"",0,0,1,0,0,"",0
272,"초승달 만",0,"",0,0,1,0,0,"",0
273,"말없는 왕",0,"",0,0,1,0,0,"",0
274,"저녁별 만",0,"",0,0,1,0,0,"",0
275,"달샘 동굴",0,"",0,0,1,0,0,"",0
276,"파라타의 묘소",0,"",0,0,1,0,0,"",0
277,"제국군 전초기지",0,"",0,0,1,0,0,"",0
278,"돌팔매 빈민굴",0,"",0,0,1,0,0,"",0
279,"페스카 모험가 야영지",0,"",0,0,1,0,0,"",0
280,"자매 언덕",0,"",0,0,1,0,0,"",0
281,"검댕개울",0,"",0,0,1,0,0,"",0
282,"왕립 나나모 농원",0,"",0,0,1,0,0,"",0
283,"울다하 조차장",0,"",0,0,1,0,0,"",0
284,"알라그 별길",0,"",0,0,1,0,0,"",0
285,"페스카 전망대",0,"",0,0,1,0,0,"",0
286,"사사간 대왕 나무",0,"",0,0,1,0,0,"",0
287,"사골리 관문",0,"",0,0,1,0,0,"",0
288,"알라그 햇길",0,"",0,0,1,0,0,"",0
289,"주점 '궤짝과 관짝'",0,"",0,0,1,0,0,"",0
290,"검은솔 정류소",0,"",0,0,1,0,0,"",0
291,"실디하 유적",0,"",0,0,1,0,0,"",0
292,"사막쥐 소굴",0,"",0,0,1,0,0,"",0
293,"지옥무리 개미굴",0,"",0,0,1,0,0,"",0
294,"희망 없는 유민가",0,"",0,0,1,0,0,"",0
295,"봉화 언덕",0,"",0,0,1,0,0,"",0
296,"나나와 은광",0,"",0,0,1,0,0,"",0
297,"부정한 계승자",0,"",0,0,1,0,0,"",0
298,"키브론 별장 자취",0,"",0,0,1,0,0,"",0
299,"알라그 햇길",0,"",0,0,1,0,0,"",0
300,"마른뼈 야영지",0,"",0,0,1,0,0,"",0
301,"보이지 않는 도시",0,"",0,0,1,0,0,"",0
302,"성 아다마 란다마 교회",0,"",0,0,1,0,0,"",0
303,"송곳 봉우리",0,"",0,0,1,0,0,"",0
304,"금 장터",0,"",0,0,1,0,0,"",0
305,"할라탈리 수련장",0,"",0,0,1,0,0,"",0
306,"아말쟈군 진영",0,"",0,0,1,0,0,"",0
307,"하늘다리",0,"",0,0,1,0,0,"",0
308,"유그람 강",0,"",0,0,1,0,0,"",0
309,"달 사당",0,"",0,0,1,0,0,"",0
310,"검붉은 폭포",0,"",0,0,1,0,0,"",0
311,"마지막 기원",0,"",0,0,1,0,0,"",0
312,"카른의 무너진 사원",0,"",0,0,1,0,0,"",0
313,"리틀 알라미고",0,"",0,0,1,0,0,"",0
314,"도마뱀 개울",0,"",0,0,1,0,0,"",0
315,"떠돌이의 무덤",0,"",0,0,1,0,0,"",0
316,"화염 신도 부락",0,"",0,0,1,0,0,"",0
317,"유령 호수",0,"",0,0,1,0,0,"",0
318,"잔라크 보조 진영",0,"",0,0,1,0,0,"",0
319,"잔라크 제단",0,"",0,0,1,0,0,"",0
320,"자하라크 진영",0,"",0,0,1,0,0,"",0
321,"날 사당",0,"",0,0,1,0,0,"",0
322,"미노타우로스 말름",0,"",0,0,1,0,0,"",0
323,"잊힌 오아시스",0,"",0,0,1,0,0,"",0
324,"비레고의 강타",0,"",0,0,1,0,0,"",0
325,"푸른안개 야영지",0,"",0,0,1,0,0,"",0
326,"동쪽 감시탑",0,"",0,0,1,0,0,"",0
327,"서쪽 감시탑",0,"",0,0,1,0,0,"",0
328,"아마지나 미스릴 폐광",0,"",0,0,1,0,0,"",0
329,"달라가브의 발톱",0,"",0,0,1,0,0,"",0
330,"청린 원천지",0,"",0,0,1,0,0,"",0
331,"청린 정제소",0,"",0,0,1,0,0,"",0
332,"전진 관문",0,"",0,0,1,0,0,"",0
333,"카스트룸 메리디아눔",0,"",0,0,1,0,0,"",0
334,"송곳 봉우리",0,"",0,0,1,0,0,"",0
335,"마도열차 정거장",0,"",0,0,1,0,0,"",0
336,"비공전함 발착장",0,"",0,0,1,0,0,"",0
337,"모라비 조선소",0,"",0,0,1,0,0,"",0
338,"소금기둥 해변",0,"",0,0,1,0,0,"",0
339,"촛불지기 부두",0,"",0,0,1,0,0,"",0
340,"텅 빈 심장",0,"",0,0,1,0,0,"",0
341,"오쉬온 등대",0,"",0,0,1,0,0,"",0
342,"청린 채취장",0,"",0,0,1,0,0,"",0
343,"하우케타 별궁 1층",0,"",0,0,1,0,0,"",0
344,"하우케타 별궁 2층",0,"",0,0,1,0,0,"",0
345,"하우케타 별궁 지하",0,"",0,0,1,0,0,"",0
346,"신궁부대 사령실",0,"",0,0,1,0,0,"",0
347,"말없는 선인의 좌탁",0,"",0,0,1,0,0,"",0
348,"재생의 그루터기",0,"",0,0,1,0,0,"",0
349,"카스트룸 마리눔",0,"",0,0,1,0,0,"",0
350,"외지 라노시아",0,"",0,0,1,0,0,"",0
351,"사령함교: 제독실",0,"",0,0,1,0,0,"",0
352,"림사 로민사 회의장",0,"",0,0,1,0,0,"",0
353,"림사 로민사 연설장",0,"",0,0,1,0,0,"",0
354,"은갑옷단 총장실",0,"",0,0,1,0,0,"",0
355,"향불방",0,"",0,0,1,0,0,"",0
356,"모래의 집",0,"",0,0,1,0,0,"",0
357,"불꽃신의 제단",0,"",0,0,1,0,0,"",0
358,"늑대우리 부두",0,"",0,0,1,0,0,"",0
359,"오고모로 화산구 신전",0,"",0,0,1,0,0,"",0
360,"가시 정원",0,"",0,0,1,0,0,"",0
361,"울부짖는 눈 석탑군",0,"",0,0,1,0,0,"",0
362,"바다뱀 소굴",0,"",0,0,1,0,0,"",0
363,"사프사 산란지",0,"",0,0,1,0,0,"",0
364,"사하긴군 진영",0,"",0,0,1,0,0,"",0
365,"은닉 항구",0,"",0,0,1,0,0,"",0
366,"뜨끈포도주 요양원",0,"",0,0,1,0,0,"",0
367,"",0,"",0,0,0,0,0,"",0
368,"선착장: 맥주 항구",0,"",0,0,1,0,0,"",0
369,"",0,"",0,0,0,0,0,"",0
370,"방파제: 초승달 만",0,"",0,0,1,0,0,"",0
371,"방파제: 은 장터",0,"",0,0,1,0,0,"",0
372,"지하 2층",0,"",0,0,1,0,0,"",0
373,"달 회랑",0,"",0,0,1,0,0,"",0
374,"새벽의 방",0,"",0,0,1,0,0,"",0
375,"말뚝박기탑 2호",0,"",0,0,1,0,0,"",0
376,"말뚝박기탑 3호",0,"",0,0,1,0,0,"",0
377,"나무꾼의 비명",0,"",0,0,1,0,0,"",0
378,"에테라이트 광장",0,"",0,0,1,0,0,"",0
379,"차원의 틈: 영빈실",0,"",0,0,1,0,0,"",0
380,"용머리 벌판",0,"",0,0,1,0,0,"",0
381,"섭리의 땅",0,"",0,0,1,0,0,"",0
382,"큰바위 언덕",0,"",0,0,1,0,0,"",0
383,"하얀테 설원",0,"",0,0,1,0,0,"",0
384,"할드라스 전진가도",0,"",0,0,1,0,0,"",0
385,"아도넬 점성대",0,"",0,0,1,0,0,"",0
386,"그리핀 대교",0,"",0,0,1,0,0,"",0
387,"아트보르그 요새지대",0,"",0,0,1,0,0,"",0
388,"용머리 전진기지",0,"",0,0,1,0,0,"",0
389,"마녀의 비탈",0,"",0,0,1,0,0,"",0
390,"강철 경계초소",0,"",0,0,1,0,0,"",0
391,"악귀의 위장",0,"",0,0,1,0,0,"",0
392,"성 다니펜의 눈물",0,"",0,0,1,0,0,"",0
393,"나탈란 입식지",0,"",0,0,1,0,0,"",0
394,"금빛 골짜기",0,"",0,0,1,0,0,"",0
395,"일곱 메아리의 길",0,"",0,0,1,0,0,"",0
396,"비석 탑",0,"",0,0,1,0,0,"",0
397,"할로네의 눈길",0,"",0,0,1,0,0,"",0
398,"성 다니펜의 여정",0,"",0,0,1,0,0,"",0
399,"제멜 요새",0,"",0,0,1,0,0,"",0
400,"대심판의 문",0,"",0,0,1,0,0,"",0
401,"돌방패 경계초소",0,"",0,0,1,0,0,"",0
402,"하얀테 전초지",0,"",0,0,1,0,0,"",0
403,"베히모스의 영역",0,"",0,0,1,0,0,"",0
404,"얼음외투 대빙벽",0,"",0,0,1,0,0,"",0
405,"칼날 봉우리",0,"",0,0,1,0,0,"",0
406,"구름길",0,"",0,0,1,0,0,"",0
407,"구름바다",0,"",0,0,1,0,0,"",0
408,"하얀 늑대 관문(중부삼림 서쪽 방면)",0,"",0,0,1,0,0,"",0
409,"짙은안개 습원",0,"",0,0,1,0,0,"",0
410,"은빛눈물 호수 북부",0,"",0,0,1,0,0,"",0
411,"망자의 종소리",0,"",0,0,1,0,0,"",0
412,"붕괴한 야영지",0,"",0,0,1,0,0,"",0
413,"엉킨덩굴 습지대",0,"",0,0,1,0,0,"",0
414,"이른서리 고개",0,"",0,0,1,0,0,"",0
415,"카스트룸 센트리",0,"",0,0,1,0,0,"",0
416,"성 코이나크 재단 조사지",0,"",0,0,1,0,0,"",0
417,"노래하는 열곡",0,"",0,0,1,0,0,"",0
418,"묵약의 탑",0,"",0,0,1,0,0,"",0
419,"영원그늘<br>(장로나무)",0,"",0,0,1,0,0,"",0
420,"크리스탈 타워",0,"",0,0,1,0,0,"",0
421,"은빛눈물 호수",0,"",0,0,1,0,0,"",0
422,"강심장호",0,"",0,0,1,0,0,"",0
423,"대결 접수처",0,"",0,0,1,0,0,"",0
424,"선착장: 늑대우리",0,"",0,0,1,0,0,"",0
425,"안갯빛 마을",0,"",0,0,1,0,0,"",0
426,"라벤더 안식처",0,"",0,0,1,0,0,"",0
427,"하늘잔 마루",0,"",0,0,1,0,0,"",0
428,"연병장",0,"",0,0,1,0,0,"",0
429,"근위대의 길",0,"",0,0,1,0,0,"",0
430,"마도성 프라이토리움",0,"",0,0,1,0,0,"",0
431,"폐기물 처리장",0,"",0,0,1,0,0,"",0
432,"주 진입로",0,"",0,0,1,0,0,"",0
433,"제V폐쇄구역",0,"",0,0,1,0,0,"",0
434,"중앙 교차로",0,"",0,0,1,0,0,"",0
435,"마도열차 정류장",0,"",0,0,1,0,0,"",0
436,"무기고",0,"",0,0,1,0,0,"",0
437,"비공정 발착장",0,"",0,0,1,0,0,"",0
438,"청린 양수장",0,"",0,0,1,0,0,"",0
439,"던스탠 감시초소",0,"",0,0,1,0,0,"",0
440,"마도성 프라이토리움",0,"",0,0,1,0,0,"",0
441,"최상층",0,"",0,0,1,0,0,"",0
442,"관리층",0,"",0,0,1,0,0,"",0
443,"방어층",0,"",0,0,1,0,0,"",0
444,"주요층",0,"",0,0,1,0,0,"",0
445,"기저층",0,"",0,0,1,0,0,"",0
446,"공방층",0,"",0,0,1,0,0,"",0
447,"비공정 승강장",0,"",0,0,1,0,0,"",0
448,"대공 방어 구역",0,"",0,0,1,0,0,"",0
449,"마도 아머 격납고",0,"",0,0,1,0,0,"",0
450,"바깥 통로",0,"",0,0,1,0,0,"",0
451,"군단장실",0,"",0,0,1,0,0,"",0
452,"기저 중추 구역",0,"",0,0,1,0,0,"",0
453,"경사 승강기",0,"",0,0,1,0,0,"",0
454,"스카이와의 연구실",0,"",0,0,1,0,0,"",0
455,"마도 공방 구역",0,"",0,0,1,0,0,"",0
456,"공방 승강기",0,"",0,0,1,0,0,"",0
457,"후방 출입구",0,"",0,0,1,0,0,"",0
458,"마도 병기 인증실",0,"",0,0,1,0,0,"",0
459,"울부짖는 눈 테두리",0,"",0,0,1,0,0,"",0
460,"선착장: 모라비 조선소",0,"",0,0,1,0,0,"",0
461,"선착장: 환영 제도",0,"",0,0,1,0,0,"",0
462,"로타노 해",0,"",0,0,1,0,0,"",0
463,"라그나로크급 구속함",0,"",0,0,1,0,0,"",0
464,"메테오 탐사갱 상부",0,"",0,0,1,0,0,"",0
465,"메테오 탐사갱 하부",0,"",0,0,1,0,0,"",0
466,"라그나로크급 구속함",0,"",0,0,1,0,0,"",0
467,"가동격벽",0,"",0,0,1,0,0,"",0
468,"중추구획",0,"",0,0,1,0,0,"",0
469,"제1함교",0,"",0,0,1,0,0,"",0
470,"안내인: 날 사당",0,"",0,0,1,0,0,"",0
471,"안내인: 미노타우로스 말름",0,"",0,0,1,0,0,"",0
472,"모래의 집",0,"",0,0,1,0,0,"",0
473,"안내인: 하얀 늑대 관문",0,"",0,0,1,0,0,"",0
474,"군단병 구역",0,"",0,0,1,0,0,"",0
475,"선착장: 거울못 나루",0,"",0,0,1,0,0,"",0
476,"선착장: 라벤더 안식처",0,"",0,0,1,0,0,"",0
477,"후방 출입구",0,"",0,0,1,0,0,"",0
478,"고대인의 미궁",0,"",0,0,1,0,0,"",0
479,"고대인의 미궁 1층",0,"",0,0,1,0,0,"",0
480,"고대인의 미궁 2층",0,"",0,0,1,0,0,"",0
481,"돌의 집",0,"",0,0,1,0,0,"",0
482,"잿빛 진영",0,"",0,0,1,0,0,"",0
483,"구리종 광산(어려움)",0,"",0,0,1,0,0,"",0
484,"하우케타 별궁(어려움)",0,"",0,0,1,0,0,"",0
485,"아래층 1",0,"",0,0,1,0,0,"",0
486,"아래층 2",0,"",0,0,1,0,0,"",0
487,"아래층 3",0,"",0,0,1,0,0,"",0
488,"가운데층 1",0,"",0,0,1,0,0,"",0
489,"가운데층 2",0,"",0,0,1,0,0,"",0
490,"가운데층 3",0,"",0,0,1,0,0,"",0
491,"위층",0,"",0,0,1,0,0,"",0
492,"山スポット25",0,"",0,0,1,0,0,"",0
493,"시르쿠스 탑",0,"",0,0,1,0,0,"",0
494,"사스타샤 침식 동굴(어려움)",0,"",0,0,1,0,0,"",0
495,"방랑자의 궁전(어려움)",0,"",0,0,1,0,0,"",0
496,"봉인된 바위섬",0,"",0,0,1,0,0,"",0
497,"아발라시아",0,"",0,0,1,0,0,"",0
498,"드라바니아",0,"",0,0,1,0,0,"",0
499,"시리우스 대등대(어려움)",0,"",0,0,1,0,0,"",0
500,"림사 로민사",0,"",0,0,1,0,0,"",0
501,"저지 라노시아",0,"",0,0,1,0,0,"",0
502,"라노시아",0,"",0,0,1,0,0,"",0
503,"고지 라노시아",0,"",0,0,1,0,0,"",0
504,"울다하",0,"",0,0,1,0,0,"",0
505,"다날란",0,"",0,0,1,0,0,"",0
506,"그리다니아(검은장막 숲)",0,"",0,0,1,0,0,"",0
507,"검은장막 숲",0,"",0,0,1,0,0,"",0
508,"커르다스",0,"",0,0,1,0,0,"",0
509,"모르도나",0,"",0,0,1,0,0,"",0
510,"아발라시아",0,"",0,0,1,0,0,"",0
511,"드라바니아",0,"",0,0,1,0,0,"",0
512,"이슈가르드",0,"",0,0,1,0,0,"",0
513,"",0,"",0,0,0,0,0,"",0
514,"",0,"",0,0,0,0,0,"",0
515,"",0,"",0,0,0,0,0,"",0
516,"",0,"",0,0,0,0,0,"",0
517,"",0,"",0,0,0,0,0,"",0
518,"",0,"",0,0,0,0,0,"",0
519,"",0,"",0,0,0,0,0,"",0
520,"참회의 회랑",0,"",0,0,1,0,0,"",0
521,"관용의 회랑",0,"",0,0,1,0,0,"",0
522,"어리석은 자의 방",0,"",0,0,1,0,0,"",0
523,"벌거벗은 자의 방",0,"",0,0,1,0,0,"",0
524,"심문의 방",0,"",0,0,1,0,0,"",0
525,"단죄의 방",0,"",0,0,1,0,0,"",0
526,"속죄의 회랑",0,"",0,0,1,0,0,"",0
527,"고해의 방",0,"",0,0,1,0,0,"",0
528,"출입구",0,"",0,0,1,0,0,"",0
529,"파도소리 오쉬폰의 독방",0,"",0,0,1,0,0,"",0
530,"둔탱이 베르간드의 독방",0,"",0,0,1,0,0,"",0
531,"열손가락 타타비의 독방",0,"",0,0,1,0,0,"",0
532,"늪사람 유킬의 독방",0,"",0,0,1,0,0,"",0
533,"달랑드르 공녀의 독방",0,"",0,0,1,0,0,"",0
534,"출입구",0,"",0,0,1,0,0,"",0
535,"어린나무 제단",0,"",0,0,1,0,0,"",0
536,"이름 없는 묘",0,"",0,0,1,0,0,"",0
537,"절대왕 갈반스의 묘",0,"",0,0,1,0,0,"",0
538,"이니크 가 묘",0,"",0,0,1,0,0,"",0
539,"큰나무 제단",0,"",0,0,1,0,0,"",0
540,"메나 가 묘",0,"",0,0,1,0,0,"",0
541,"고목나무 제단",0,"",0,0,1,0,0,"",0
542,"돌다리",0,"",0,0,1,0,0,"",0
543,"적막의 고리",0,"",0,0,1,0,0,"",0
544,"항아리 방",0,"",0,0,1,0,0,"",0
545,"칼라인 카페",0,"",0,0,1,0,0,"",0
546,"모험가 길드",0,"",0,0,1,0,0,"",0
547,"칼라인 카페<br>(모험가 길드)",0,"",0,0,1,0,0,"",0
548,"여관 '둥지나무'",0,"",0,0,1,0,0,"",0
549,"그리다니아 비공정 승강장",0,"",0,0,1,0,0,"",0
550,"미스탈 이음다리",0,"",0,0,1,0,0,"",0
551,"물레방아 네거리",0,"",0,0,1,0,0,"",0
552,"푸른 오소리 관문",0,"",0,0,1,0,0,"",0
553,"떡갈나무 저택",0,"",0,0,1,0,0,"",0
554,"목수 길드",0,"",0,0,1,0,0,"",0
555,"떡갈나무 저택<br>(목수 길드)",0,"",0,0,1,0,0,"",0
556,"피가가의 물레방아",0,"",0,0,1,0,0,"",0
557,"도토리 놀이터",0,"",0,0,1,0,0,"",0
558,"베를랑 이음다리",0,"",0,0,1,0,0,"",0
559,"하얀 늑대 관문",0,"",0,0,1,0,0,"",0
560,"붉은 수달 관문",0,"",0,0,1,0,0,"",0
561,"신궁부대 본부",0,"",0,0,1,0,0,"",0
562,"궁술사 길드",0,"",0,0,1,0,0,"",0
563,"신궁부대 본부<br>(궁술사 길드)",0,"",0,0,1,0,0,"",0
564,"흑단나무 상점가",0,"",0,0,1,0,0,"",0
565,"자단나무 상점가",0,"",0,0,1,0,0,"",0
566,"나무그늘 정자",0,"",0,0,1,0,0,"",0
567,"가죽공방 '펜이르'",0,"",0,0,1,0,0,"",0
568,"가죽공예가 길드",0,"",0,0,1,0,0,"",0
569,"공예품점 '펜이르'",0,"",0,0,1,0,0,"",0
570,"귀곡부대 주둔소",0,"",0,0,1,0,0,"",0
571,"창술사 길드",0,"",0,0,1,0,0,"",0
572,"귀곡부대 주둔소<br>(창술사 길드)",0,"",0,0,1,0,0,"",0
573,"무구점 '켄타우로스의 눈'",0,"",0,0,1,0,0,"",0
574,"검은 멧돼지 관문",0,"",0,0,1,0,0,"",0
575,"아프칼루 폭포",0,"",0,0,1,0,0,"",0
576,"어진나무 명상굴",0,"",0,0,1,0,0,"",0
577,"환술사 길드",0,"",0,0,1,0,0,"",0
578,"어진나무 명상굴<br>(환술사 길드)",0,"",0,0,1,0,0,"",0
579,"풍요신 제단",0,"",0,0,1,0,0,"",0
580,"미 케토 야외음악당",0,"",0,0,1,0,0,"",0
581,"비옥토 농장",0,"",0,0,1,0,0,"",0
582,"원예가 길드",0,"",0,0,1,0,0,"",0
583,"비옥토 농장<br>(원예가 길드)",0,"",0,0,1,0,0,"",0
584,"휘파람 방앗간",0,"",0,0,1,0,0,"",0
585,"홍차강",0,"",0,0,1,0,0,"",0
586,"속삭임 계곡",0,"",0,0,1,0,0,"",0
587,"비취 호수",0,"",0,0,1,0,0,"",0
588,"시내 중심부",0,"",0,0,1,0,0,"",0
589,"문투이 양조창고",0,"",0,0,1,0,0,"",0
590,"에테라이트 광장",0,"",0,0,1,0,0,"",0
591,"쌍사당 통합사령부",0,"",0,0,1,0,0,"",0
592,"동부 나루터<br>검은장막 숲 동부삼림",0,"",0,0,1,0,0,"",0
593,"초코보 대여소",0,"",0,0,1,0,0,"",0
594,"가죽공방 '펜이르'<br>(가죽공예가 길드)",0,"",0,0,1,0,0,"",0
595,"동부 나루터",0,"",0,0,1,0,0,"",0
596,"막힌 길인 것 같다",0,"",0,0,1,0,0,"",0
597,"푸른 오소리 관문(중부삼림 동쪽 방면)",0,"",0,0,1,0,0,"",0
598,"노란 뱀 관문(북부삼림 방면)",0,"",0,0,1,0,0,"",0
599,"1층",0,"",0,0,1,0,0,"",0
600,"2층",0,"",0,0,1,0,0,"",0
601,"지하 1층",0,"",0,0,1,0,0,"",0
602,"입구",0,"",0,0,1,0,0,"",0
603,"식량 창고",0,"",0,0,1,0,0,"",0
604,"장미 방",0,"",0,0,1,0,0,"",0
605,"창고",0,"",0,0,1,0,0,"",0
606,"음악실",0,"",0,0,1,0,0,"",0
607,"도서실",0,"",0,0,1,0,0,"",0
608,"백합 방",0,"",0,0,1,0,0,"",0
609,"패랭이꽃 방",0,"",0,0,1,0,0,"",0
610,"와인 저장고",0,"",0,0,1,0,0,"",0
611,"피의자의 방",0,"",0,0,1,0,0,"",0
612,"고문의 방",0,"",0,0,1,0,0,"",0
613,"날 관문",0,"",0,0,1,0,0,"",0
614,"불멸대 작전본부",0,"",0,0,1,0,0,"",0
615,"모래늪",0,"",0,0,1,0,0,"",0
616,"모래늪<br>(모험가 길드)",0,"",0,0,1,0,0,"",0
617,"여관 '모래시계'",0,"",0,0,1,0,0,"",0
618,"백금 신기루",0,"",0,0,1,0,0,"",0
619,"격투사 길드",0,"",0,0,1,0,0,"",0
620,"백금 신기루<br>(격투사 길드)",0,"",0,0,1,0,0,"",0
621,"에메랄드 거리",0,"",0,0,1,0,0,"",0
622,"투기장",0,"",0,0,1,0,0,"",0
623,"검술사 길드",0,"",0,0,1,0,0,"",0
624,"투기장<br>(검술사 길드)",0,"",0,0,1,0,0,"",0
625,"루디우스 무구점",0,"",0,0,1,0,0,"",0
626,"나나모 관문",0,"",0,0,1,0,0,"",0
627,"아르자네스 납골당",0,"",0,0,1,0,0,"",0
628,"에랄리그 묘당",0,"",0,0,1,0,0,"",0
629,"주술사 길드",0,"",0,0,1,0,0,"",0
630,"아르자네스 납골당<br>(주술사 길드)",0,"",0,0,1,0,0,"",0
631,"보석점 '에쉬템'",0,"",0,0,1,0,0,"",0
632,"에쉬템 직영공방",0,"",0,0,1,0,0,"",0
633,"보석공예가 길드",0,"",0,0,1,0,0,"",0
634,"에쉬템 직영공방<br>(보석공예가 길드)",0,"",0,0,1,0,0,"",0
635,"아마지나 광산회사",0,"",0,0,1,0,0,"",0
636,"광부 길드",0,"",0,0,1,0,0,"",0
637,"아마지나 광산회사<br>(광부 길드)",0,"",0,0,1,0,0,"",0
638,"줄마노 거리",0,"",0,0,1,0,0,"",0
639,"황금 마당",0,"",0,0,1,0,0,"",0
640,"루비길 국제시장",0,"",0,0,1,0,0,"",0
641,"우물식 승강기",0,"",0,0,1,0,0,"",0
642,"직물전문점 '태양비단'",0,"",0,0,1,0,0,"",0
643,"재봉사 길드",0,"",0,0,1,0,0,"",0
644,"직물전문점 '태양비단'<br>(재봉사 길드)",0,"",0,0,1,0,0,"",0
645,"달 관문",0,"",0,0,1,0,0,"",0
646,"사파이어길 국제시장",0,"",0,0,1,0,0,"",0
647,"진주 거리",0,"",0,0,1,0,0,"",0
648,"밀바네스 예배당",0,"",0,0,1,0,0,"",0
649,"프론데일 약학원",0,"",0,0,1,0,0,"",0
650,"연금술사 길드",0,"",0,0,1,0,0,"",0
651,"프론데일 약학원<br>(연금술사 길드)",0,"",0,0,1,0,0,"",0
652,"프론데일 보도",0,"",0,0,1,0,0,"",0
653,"왕의 산책로",0,"",0,0,1,0,0,"",0
654,"울다하 비공정 승강장",0,"",0,0,1,0,0,"",0
655,"겨우살이 문",0,"",0,0,1,0,0,"",0
656,"침식 동굴",0,"",0,0,1,0,0,"",0
657,"안개수염 아지트",0,"",0,0,1,0,0,"",0
658,"안개수염 해구",0,"",0,0,1,0,0,"",0
659,"침식 동굴",0,"",0,0,1,0,0,"",0
660,"울부짖는 연못",0,"",0,0,1,0,0,"",0
661,"막다른 곳",0,"",0,0,1,0,0,"",0
662,"커얼의 보금자리",0,"",0,0,1,0,0,"",0
663,"현제문",0,"",0,0,1,0,0,"",0
664,"조수실",0,"",0,0,1,0,0,"",0
665,"출입구",0,"",0,0,1,0,0,"",0
666,"항해사실",0,"",0,0,1,0,0,"",0
667,"갑판원실",0,"",0,0,1,0,0,"",0
668,"선장실",0,"",0,0,1,0,0,"",0
669,"징벌방",0,"",0,0,1,0,0,"",0
670,"현제문",0,"",0,0,1,0,0,"",0
671,"잠수부문",0,"",0,0,1,0,0,"",0
672,"숨겨진 나루터",0,"",0,0,1,0,0,"",0
673,"A1 갱도",0,"",0,0,1,0,0,"",0
674,"B1 갱도",0,"",0,0,1,0,0,"",0
675,"B4 갱도",0,"",0,0,1,0,0,"",0
676,"재개발구역 E1 갱도",0,"",0,0,1,0,0,"",0
677,"재개발구역 E2 갱도",0,"",0,0,1,0,0,"",0
678,"식인종의 웅덩이",0,"",0,0,1,0,0,"",0
679,"아우성 구렁",0,"",0,0,1,0,0,"",0
680,"한탄의 구렁",0,"",0,0,1,0,0,"",0
681,"암굴왕의 옥좌",0,"",0,0,1,0,0,"",0
682,"개척되지 않은 덤불",0,"",0,0,1,0,0,"",0
683,"브레이플록스의 피난처",0,"",0,0,1,0,0,"",0
684,"진흙탕 수원지",0,"",0,0,1,0,0,"",0
685,"브레이플록스의 야영지",0,"",0,0,1,0,0,"",0
686,"브레이플록스의 감시소",0,"",0,0,1,0,0,"",0
687,"피난처 앞뜰",0,"",0,0,1,0,0,"",0
688,"피난처 뒷뜰",0,"",0,0,1,0,0,"",0
689,"야영지 앞뜰",0,"",0,0,1,0,0,"",0
690,"용의 보금자리",0,"",0,0,1,0,0,"",0
691,"야영지 내문",0,"",0,0,1,0,0,"",0
692,"권투 훈련장",0,"",0,0,1,0,0,"",0
693,"검투 훈련장",0,"",0,0,1,0,0,"",0
694,"수투 훈련장",0,"",0,0,1,0,0,"",0
695,"프론데일 약학원 소아병동",0,"",0,0,1,0,0,"",0
696,"",0,"",0,0,0,0,0,"",0
697,"",0,"",0,0,0,0,0,"",0
698,"관청 구역",0,"",0,0,1,0,0,"",0
699,"",0,"",0,0,0,0,0,"",0
700,"상층 갑판",0,"",0,0,1,0,0,"",0
701,"하층 갑판",0,"",0,0,1,0,0,"",0
702,"아스탈리시아호",0,"",0,0,1,0,0,"",0
703,"산호탑<br>(도끼술사 길드)",0,"",0,0,1,0,0,"",0
704,"산호탑",0,"",0,0,1,0,0,"",0
705,"총술사 길드",0,"",0,0,1,0,0,"",0
706,"멜반 세관공사",0,"",0,0,1,0,0,"",0
707,"멜반 세관공사<br>(비술사 길드)",0,"",0,0,1,0,0,"",0
708,"레스토랑 '비스마르크'",0,"",0,0,1,0,0,"",0
709,"레스토랑 '비스마르크'<br>(요리사 길드)",0,"",0,0,1,0,0,"",0
710,"날디크와 비멜리 사",0,"",0,0,1,0,0,"",0
711,"날디크와 비멜리 사<br>(대장장이, 갑주제작사 길드)",0,"",0,0,1,0,0,"",0
712,"비술사 길드",0,"",0,0,1,0,0,"",0
713,"그물 창고",0,"",0,0,1,0,0,"",0
714,"그물 창고<br>(어부 길드)",0,"",0,0,1,0,0,"",0
715,"물에 빠진 돌고래 주점",0,"",0,0,1,0,0,"",0
716,"물에 빠진 돌고래 주점<br>(모험가 길드)",0,"",0,0,1,0,0,"",0
717,"생선가게 '유리바다'",0,"",0,0,1,0,0,"",0
718,"약국 '일곱 번째 세이지'",0,"",0,0,1,0,0,"",0
719,"영원한 소녀 주점",0,"",0,0,1,0,0,"",0
720,"요리사 길드",0,"",0,0,1,0,0,"",0
721,"뒷돛대",0,"",0,0,1,0,0,"",0
722,"사령함교",0,"",0,0,1,0,0,"",0
723,"사령함교: 작전지휘실",0,"",0,0,1,0,0,"",0
724,"사령함교: 작전회의실",0,"",0,0,1,0,0,"",0
725,"림사 로민사 비공정 승강장",0,"",0,0,1,0,0,"",0
726,"초코보 대여소",0,"",0,0,1,0,0,"",0
727,"북극성 등대",0,"",0,0,1,0,0,"",0
728,"여객선 부두",0,"",0,0,1,0,0,"",0
729,"양식장",0,"",0,0,1,0,0,"",0
730,"경매소",0,"",0,0,1,0,0,"",0
731,"까마귀 승강기",0,"",0,0,1,0,0,"",0
732,"방파벽 회관",0,"",0,0,1,0,0,"",0
733,"여관 '뒷돛대'",0,"",0,0,1,0,0,"",0
734,"어부 길드",0,"",0,0,1,0,0,"",0
735,"산들바람 관문",0,"",0,0,1,0,0,"",0
736,"폭풍 관문",0,"",0,0,1,0,0,"",0
737,"뱃고물 광장",0,"",0,0,1,0,0,"",0
738,"에테라이트 광장",0,"",0,0,1,0,0,"",0
739,"팔분의 광장",0,"",0,0,1,0,0,"",0
740,"",0,"",0,0,0,0,0,"",0
741,"닻 마당",0,"",0,0,1,0,0,"",0
742,"제비갈매기 대교",0,"",0,0,1,0,0,"",0
743,"국제거리 광장",0,"",0,0,1,0,0,"",0
744,"국제거리 동쪽 상점가",0,"",0,0,1,0,0,"",0
745,"국제거리 서쪽 상점가",0,"",0,0,1,0,0,"",0
746,"칠성장어 다리",0,"",0,0,1,0,0,"",0
747,"피라미 다리",0,"",0,0,1,0,0,"",0
748,"중앙 관제구역",0,"",0,0,1,0,0,"",0
749,"북쪽 관제구역",0,"",0,0,1,0,0,"",0
750,"선장 구역",0,"",0,0,1,0,0,"",0
751,"남쪽 관제구역",0,"",0,0,1,0,0,"",0
752,"해병 구역",0,"",0,0,1,0,0,"",0
753,"상업 구역",0,"",0,0,1,0,0,"",0
754,"선착장: 림사 로민사",0,"",0,0,1,0,0,"",0
755,"흑와단 군령부",0,"",0,0,1,0,0,"",0
756,"패랭이꽃 문",0,"",0,0,1,0,0,"",0
757,"잠긴 문",0,"",0,0,1,0,0,"",0
758,"잠긴 문",0,"",0,0,1,0,0,"",0
759,"피난처 정문",0,"",0,0,1,0,0,"",0
760,"피난처 내문",0,"",0,0,1,0,0,"",0
761,"피난처 뒷문",0,"",0,0,1,0,0,"",0
762,"야영지 정문",0,"",0,0,1,0,0,"",0
763,"선장실 문",0,"",0,0,1,0,0,"",0
764,"모험가 길드(대장장이·갑주제작사 길드/흑와단)",0,"",0,0,1,0,0,"",0
765,"요리사 길드(레스토랑 '비스마르크')",0,"",0,0,1,0,0,"",0
766,"도끼술사 길드(산호탑)",0,"",0,0,1,0,0,"",0
767,"시장(국제거리 광장)",0,"",0,0,1,0,0,"",0
768,"어부 길드(쌍검사 길드)",0,"",0,0,1,0,0,"",0
769,"비술사 길드",0,"",0,0,1,0,0,"",0
770,"산들바람 관문(중부 라노시아 방면)",0,"",0,0,1,0,0,"",0
771,"폭풍 관문(저지 라노시아 방면)",0,"",0,0,1,0,0,"",0
772,"모험가 길드(시장)",0,"",0,0,1,0,0,"",0
773,"주술사 길드",0,"",0,0,1,0,0,"",0
774,"검술사 길드(투기장)",0,"",0,0,1,0,0,"",0
775,"광부 길드",0,"",0,0,1,0,0,"",0
776,"연금술사 길드",0,"",0,0,1,0,0,"",0
777,"재봉사 길드",0,"",0,0,1,0,0,"",0
778,"울다하 왕정청",0,"",0,0,1,0,0,"",0
779,"나나모 관문(서부 다날란 방면)",0,"",0,0,1,0,0,"",0
780,"날 관문(중부 다날란 북쪽 방면)",0,"",0,0,1,0,0,"",0
781,"달 관문(중부 다날란 남쪽 방면)",0,"",0,0,1,0,0,"",0
782,"궁술사 길드",0,"",0,0,1,0,0,"",0
783,"가죽공예가 길드(시장)",0,"",0,0,1,0,0,"",0
784,"창술사 길드",0,"",0,0,1,0,0,"",0
785,"환술사 길드",0,"",0,0,1,0,0,"",0
786,"원예가 길드",0,"",0,0,1,0,0,"",0
787,"미 케토 야외음악당",0,"",0,0,1,0,0,"",0
788,"보석공예가 길드",0,"",0,0,1,0,0,"",0
789,"침묵의 정원",0,"",0,0,1,0,0,"",0
790,"긴 복도",0,"",0,0,1,0,0,"",0
791,"여행자의 나루터",0,"",0,0,1,0,0,"",0
792,"수상정원",0,"",0,0,1,0,0,"",0
793,"무한회랑",0,"",0,0,1,0,0,"",0
794,"여행자의 쉼터",0,"",0,0,1,0,0,"",0
795,"방랑자의 예배당",0,"",0,0,1,0,0,"",0
796,"금박 웅덩이",0,"",0,0,1,0,0,"",0
797,"빈털터리 동굴",0,"",0,0,1,0,0,"",0
798,"노란 호수",0,"",0,0,1,0,0,"",0
799,"수위의 함정",0,"",0,0,1,0,0,"",0
800,"수위 집합소",0,"",0,0,1,0,0,"",0
801,"금고 문",0,"",0,0,1,0,0,"",0
802,"세금징수인의 금고",0,"",0,0,1,0,0,"",0
803,"수전노의 거처",0,"",0,0,1,0,0,"",0
804,"수전노의 곳간",0,"",0,0,1,0,0,"",0
805,"경비병 집합소",0,"",0,0,1,0,0,"",0
806,"초코보 축사",0,"",0,0,1,0,0,"",0
807,"출입구",0,"",0,0,1,0,0,"",0
808,"대집회장",0,"",0,0,1,0,0,"",0
809,"용숨결 폭포",0,"",0,0,1,0,0,"",0
810,"위병 식당",0,"",0,0,1,0,0,"",0
811,"위병 숙사",0,"",0,0,1,0,0,"",0
812,"성 다니펜 예배당",0,"",0,0,1,0,0,"",0
813,"연병장",0,"",0,0,1,0,0,"",0
814,"태양의 테라스",0,"",0,0,1,0,0,"",0
815,"타타메푸 II세의 기도소",0,"",0,0,1,0,0,"",0
816,"라라푸토 I세의 안뜰",0,"",0,0,1,0,0,"",0
817,"라라푸토 IV세의 지하신전",0,"",0,0,1,0,0,"",0
818,"무력의 방",0,"",0,0,1,0,0,"",0
819,"부의 방",0,"",0,0,1,0,0,"",0
820,"마력의 방",0,"",0,0,1,0,0,"",0
821,"지혜의 방",0,"",0,0,1,0,0,"",0
822,"라라푸토 III세의 안뜰",0,"",0,0,1,0,0,"",0
823,"심판의 방",0,"",0,0,1,0,0,"",0
824,"메메토 여왕의 기도소",0,"",0,0,1,0,0,"",0
825,"태양신 아제마의 방",0,"",0,0,1,0,0,"",0
826,"기도소 문",0,"",0,0,1,0,0,"",0
827,"잠긴 문",0,"",0,0,1,0,0,"",0
828,"잠긴 문",0,"",0,0,1,0,0,"",0
829,"잠긴 문",0,"",0,0,1,0,0,"",0
830,"잠긴 문",0,"",0,0,1,0,0,"",0
831,"잠긴 문",0,"",0,0,1,0,0,"",0
832,"지하신전 문",0,"",0,0,1,0,0,"",0
833,"무력의 문",0,"",0,0,1,0,0,"",0
834,"부의 문",0,"",0,0,1,0,0,"",0
835,"마력의 문",0,"",0,0,1,0,0,"",0
836,"지혜의 문",0,"",0,0,1,0,0,"",0
837,"심판의 문",0,"",0,0,1,0,0,"",0
838,"메마른 층",0,"",0,0,1,0,0,"",0
839,"샘솟는 층",0,"",0,0,1,0,0,"",0
840,"청린수 층",0,"",0,0,1,0,0,"",0
841,"포식의 앞방",0,"",0,0,1,0,0,"",0
842,"침전하는 중간방",0,"",0,0,1,0,0,"",0
843,"대식왕의 널방",0,"",0,0,1,0,0,"",0
844,"뒷문",0,"",0,0,1,0,0,"",0
845,"정문",0,"",0,0,1,0,0,"",0
846,"집회실 문",0,"",0,0,1,0,0,"",0
847,"식당 문",0,"",0,0,1,0,0,"",0
848,"마도 필드 IV",0,"",0,0,1,0,0,"",0
849,"1층",0,"",0,0,1,0,0,"",0
850,"지하 1층",0,"",0,0,1,0,0,"",0
851,"늑대 구렁",0,"",0,0,1,0,0,"",0
852,"송곳니 감옥",0,"",0,0,1,0,0,"",0
853,"발톱 감옥",0,"",0,0,1,0,0,"",0
854,"유적 입구",0,"",0,0,1,0,0,"",0
855,"무너진 유적",0,"",0,0,1,0,0,"",0
856,"지하 유적",0,"",0,0,1,0,0,"",0
857,"대십자 광장",0,"",0,0,1,0,0,"",0
858,"부패의 미궁",0,"",0,0,1,0,0,"",0
859,"이계의 미궁",0,"",0,0,1,0,0,"",0
860,"연옥의 미궁",0,"",0,0,1,0,0,"",0
861,"승천의 회랑",0,"",0,0,1,0,0,"",0
862,"죽은 자의 욕실",0,"",0,0,1,0,0,"",0
863,"임시 입구",0,"",0,0,1,0,0,"",0
864,"어리석은 자의 욕실",0,"",0,0,1,0,0,"",0
865,"썩은 왕의 사당",0,"",0,0,1,0,0,"",0
866,"통탄의 회랑",0,"",0,0,1,0,0,"",0
867,"요괴왕의 사당",0,"",0,0,1,0,0,"",0
868,"초열의 회랑",0,"",0,0,1,0,0,"",0
869,"짐승왕의 사당",0,"",0,0,1,0,0,"",0
870,"부정의 집회실",0,"",0,0,1,0,0,"",0
871,"참극의 익랑",0,"",0,0,1,0,0,"",0
872,"배신의 알현실",0,"",0,0,1,0,0,"",0
873,"1층",0,"",0,0,1,0,0,"",0
874,"2층",0,"",0,0,1,0,0,"",0
875,"3층",0,"",0,0,1,0,0,"",0
876,"비탄의 앞뜰",0,"",0,0,1,0,0,"",0
877,"감시 망루",0,"",0,0,1,0,0,"",0
878,"우측 울타리",0,"",0,0,1,0,0,"",0
879,"보조 격납고",0,"",0,0,1,0,0,"",0
880,"기병 막사",0,"",0,0,1,0,0,"",0
881,"좌측 울타리",0,"",0,0,1,0,0,"",0
882,"용맹한 장수의 사당",0,"",0,0,1,0,0,"",0
883,"망자의 욕실",0,"",0,0,1,0,0,"",0
884,"피의자의 방 문",0,"",0,0,1,0,0,"",0
885,"고문의 방 문",0,"",0,0,1,0,0,"",0
886,"조사 거점",0,"",0,0,1,0,0,"",0
887,"메테오 균열",0,"",0,0,1,0,0,"",0
888,"메테오 탐사갱",0,"",0,0,1,0,0,"",0
889,"알라그 유적",0,"",0,0,1,0,0,"",0
890,"제I날개깃",0,"",0,0,1,0,0,"",0
891,"탐사 갱도 심부",0,"",0,0,1,0,0,"",0
892,"제VII구획",0,"",0,0,1,0,0,"",0
893,"제IV구획",0,"",0,0,1,0,0,"",0
894,"제II구획",0,"",0,0,1,0,0,"",0
895,"제I구획",0,"",0,0,1,0,0,"",0
896,"제III구획",0,"",0,0,1,0,0,"",0
897,"제V구획",0,"",0,0,1,0,0,"",0
898,"제VI구획",0,"",0,0,1,0,0,"",0
899,"기관부 연소실",0,"",0,0,1,0,0,"",0
900,"기관부 압축실",0,"",0,0,1,0,0,"",0
901,"기관부 추진제실",0,"",0,0,1,0,0,"",0
902,"가동격벽",0,"",0,0,1,0,0,"",0
903,"바하무트의 오른손",0,"",0,0,1,0,0,"",0
904,"제1함교",0,"",0,0,1,0,0,"",0
905,"승강기 구획",0,"",0,0,1,0,0,"",0
906,"제XII날개깃",0,"",0,0,1,0,0,"",0
907,"제XI날개깃",0,"",0,0,1,0,0,"",0
908,"제X날개깃",0,"",0,0,1,0,0,"",0
909,"제IX날개깃",0,"",0,0,1,0,0,"",0
910,"제VIII날개깃",0,"",0,0,1,0,0,"",0
911,"제VII날개깃",0,"",0,0,1,0,0,"",0
912,"제VI날개깃",0,"",0,0,1,0,0,"",0
913,"제V날개깃",0,"",0,0,1,0,0,"",0
914,"제IV날개깃",0,"",0,0,1,0,0,"",0
915,"제III날개깃",0,"",0,0,1,0,0,"",0
916,"제II날개깃",0,"",0,0,1,0,0,"",0
917,"방위 지휘실",0,"",0,0,1,0,0,"",0
918,"더 폴드",0,"",0,0,1,0,0,"",0
919,"구속함",0,"",0,0,1,0,0,"",0
920,"육각 승강기",0,"",0,0,1,0,0,"",0
921,"구속함 가동격벽",0,"",0,0,1,0,0,"",0
922,"요새 외곽",0,"",0,0,1,0,0,"",0
923,"요새 내곽",0,"",0,0,1,0,0,"",0
924,"기관부 연소실",0,"",0,0,1,0,0,"",0
925,"기관부 압축실",0,"",0,0,1,0,0,"",0
926,"기관부 추진제실",0,"",0,0,1,0,0,"",0
927,"시리우스 대등대",0,"",0,0,1,0,0,"",0
928,"제2탑 기반부",0,"",0,0,1,0,0,"",0
929,"에테르 저장실",0,"",0,0,1,0,0,"",0
930,"에테르 압축실",0,"",0,0,1,0,0,"",0
931,"시리우스 등롱실",0,"",0,0,1,0,0,"",0
932,"제3탑 기반부",0,"",0,0,1,0,0,"",0
933,"제4탑 기반부",0,"",0,0,1,0,0,"",0
934,"에테르 펌프실",0,"",0,0,1,0,0,"",0
935,"5층",0,"",0,0,1,0,0,"",0
936,"4층",0,"",0,0,1,0,0,"",0
937,"3층",0,"",0,0,1,0,0,"",0
938,"2층",0,"",0,0,1,0,0,"",0
939,"1층",0,"",0,0,1,0,0,"",0
940,"지하 1층",0,"",0,0,1,0,0,"",0
941,"크리스탈 관문",0,"",0,0,1,0,0,"",0
942,"여덟 검사의 앞뜰",0,"",0,0,1,0,0,"",0
943,"일곱째 낙원",0,"",0,0,1,0,0,"",0
944,"제789땅굴단 채굴지",0,"",0,0,1,0,0,"",0
945,"노부의 육성지",0,"",0,0,1,0,0,"",0
946,"달그림자 섬",0,"",0,0,1,0,0,"",0
947,"바다 위 상선",0,"",0,0,1,0,0,"",0
948,"바다 위 해적선",0,"",0,0,1,0,0,"",0
949,"회귀의 묘비",0,"",0,0,1,0,0,"",0
950,"미지의 낚시터",0,"",0,0,1,0,0,"",0
951,"잎맥 물줄기",0,"",0,0,1,0,0,"",0
952,"거울못",0,"",0,0,1,0,0,"",0
953,"청록의 나락",0,"",0,0,1,0,0,"",0
954,"잔물결 시내",0,"",0,0,1,0,0,"",0
955,"실프의 계곡",0,"",0,0,1,0,0,"",0
956,"하두바 강 상류",0,"",0,0,1,0,0,"",0
957,"하두바 강 중류",0,"",0,0,1,0,0,"",0
958,"하두바 강 하류",0,"",0,0,1,0,0,"",0
959,"하두바 강 동쪽",0,"",0,0,1,0,0,"",0
960,"고블린족 양식장",0,"",0,0,1,0,0,"",0
961,"술렁이는 강",0,"",0,0,1,0,0,"",0
962,"가을박 호수",0,"",0,0,1,0,0,"",0
963,"타호토틀 호수",0,"",0,0,1,0,0,"",0
964,"그리다니아: 비취 호수",0,"",0,0,1,0,0,"",0
965,"그리다니아: 홍차강 하류",0,"",0,0,1,0,0,"",0
966,"엉킨덩굴 습지대 원류",0,"",0,0,1,0,0,"",0
967,"노래하는 열곡 북부",0,"",0,0,1,0,0,"",0
968,"커르다스 강",0,"",0,0,1,0,0,"",0
969,"칼날 봉우리 기슭",0,"",0,0,1,0,0,"",0
970,"용머리 전진기지 저수지",0,"",0,0,1,0,0,"",0
971,"조사대 얼음 구멍",0,"",0,0,1,0,0,"",0
972,"이슈가르드 구름바다",0,"",0,0,1,0,0,"",0
973,"산들바람 줄기 연안",0,"",0,0,1,0,0,"",0
974,"여름여울 연안",0,"",0,0,1,0,0,"",0
975,"서쪽 아젤리스 강",0,"",0,0,1,0,0,"",0
976,"모라비 만 서쪽 절벽",0,"",0,0,1,0,0,"",0
977,"삼나무 숲 연안",0,"",0,0,1,0,0,"",0
978,"남부 핏빛해안",0,"",0,0,1,0,0,"",0
979,"북부 핏빛해안",0,"",0,0,1,0,0,"",0
980,"동쪽 아젤리스 강",0,"",0,0,1,0,0,"",0
981,"빗물받이 소택지",0,"",0,0,1,0,0,"",0
982,"해골 골짜기 연안",0,"",0,0,1,0,0,"",0
983,"하프스톤 연안",0,"",0,0,1,0,0,"",0
984,"환영 제도 북부",0,"",0,0,1,0,0,"",0
985,"환영 제도 남부",0,"",0,0,1,0,0,"",0
986,"청동호수 남부",0,"",0,0,1,0,0,"",0
987,"청동호수 북부",0,"",0,0,1,0,0,"",0
988,"청동호수 얕은 물",0,"",0,0,1,0,0,"",0
989,"기나긴 오르막 계곡",0,"",0,0,1,0,0,"",0
990,"검댕개울 상류",0,"",0,0,1,0,0,"",0
991,"검댕개울 하류",0,"",0,0,1,0,0,"",0
992,"마른뼈 황야 북쪽 샘터",0,"",0,0,1,0,0,"",0
993,"마른뼈 황야 남쪽 샘터",0,"",0,0,1,0,0,"",0
994,"적포도주 강",0,"",0,0,1,0,0,"",0
995,"자하라크 샘",0,"",0,0,1,0,0,"",0
996,"사골리 모래바다",0,"",0,0,1,0,0,"",0
997,"사골리 모래언덕",0,"",0,0,1,0,0,"",0
998,"푸른안개 샘터",0,"",0,0,1,0,0,"",0
999,"그리다니아: 홍차강 상류",0,"",0,0,1,0,0,"",0
1000,"그리다니아: 속삭임 계곡",0,"",0,0,1,0,0,"",0
1001,"로타노 해 먼바다: 뱃머리",0,"",0,0,1,0,0,"",0
1002,"로타노 해 먼바다: 뱃고물",0,"",0,0,1,0,0,"",0
1003,"얼지 않는 연못",0,"",0,0,1,0,0,"",0
1004,"투명한 연못",0,"",0,0,1,0,0,"",0
1005,"죽음의 호수 남쪽",0,"",0,0,1,0,0,"",0
1006,"죽음의 호수 서쪽",0,"",0,0,1,0,0,"",0
1007,"애도의 바위굴 서쪽",0,"",0,0,1,0,0,"",0
1008,"살리아크 강 상류",0,"",0,0,1,0,0,"",0
1009,"살리아크 강 중류",0,"",0,0,1,0,0,"",0
1010,"솜 알 산머리",0,"",0,0,1,0,0,"",0
1011,"폐수 웅덩이",0,"",0,0,1,0,0,"",0
1012,"",0,"",0,0,1,0,0,"",0
1013,"",0,"",0,0,0,0,0,"",0
1014,"",0,"",0,0,0,0,0,"",0
1015,"",0,"",0,0,0,0,0,"",0
1016,"",0,"",0,0,0,0,0,"",0
1017,"",0,"",0,0,0,0,0,"",0
1018,"",0,"",0,0,0,0,0,"",0
1019,"",0,"",0,0,0,0,0,"",0
1020,"",0,"",0,0,0,0,0,"",0
1021,"",0,"",0,0,0,0,0,"",0
1022,"",0,"",0,0,0,0,0,"",0
1023,"",0,"",0,0,0,0,0,"",0
1024,"",0,"",0,0,0,0,0,"",0
1025,"",0,"",0,0,0,0,0,"",0
1026,"",0,"",0,0,0,0,0,"",0
1027,"",0,"",0,0,0,0,0,"",0
1028,"",0,"",0,0,0,0,0,"",0
1029,"",0,"",0,0,0,0,0,"",0
1030,"",0,"",0,0,0,0,0,"",0
1031,"",0,"",0,0,0,0,0,"",0
1032,"",0,"",0,0,0,0,0,"",0
1033,"",0,"",0,0,0,0,0,"",0
1034,"",0,"",0,0,0,0,0,"",0
1035,"",0,"",0,0,0,0,0,"",0
1036,"",0,"",0,0,0,0,0,"",0
1037,"",0,"",0,0,0,0,0,"",0
1038,"",0,"",0,0,0,0,0,"",0
1039,"",0,"",0,0,0,0,0,"",0
1040,"",0,"",0,0,0,0,0,"",0
1041,"",0,"",0,0,0,0,0,"",0
1042,"",0,"",0,0,0,0,0,"",0
1043,"",0,"",0,0,0,0,0,"",0
1044,"",0,"",0,0,0,0,0,"",0
1045,"",0,"",0,0,0,0,0,"",0
1046,"",0,"",0,0,0,0,0,"",0
1047,"",0,"",0,0,0,0,0,"",0
1048,"",0,"",0,0,0,0,0,"",0
1049,"",0,"",0,0,0,0,0,"",0
1050,"토토라크 감옥",0,"",0,0,1,0,0,"",0
1051,"탐타라 묘소",0,"",0,0,1,0,0,"",0
1052,"구리종 광산",0,"",0,0,1,0,0,"",0
1053,"사스타샤 침식 동굴",0,"",0,0,1,0,0,"",0
1054,"금빛 골짜기",0,"",0,0,1,0,0,"",0
1055,"하우케타 별궁",0,"",0,0,1,0,0,"",0
1056,"할라탈리 수련장",0,"",0,0,1,0,0,"",0
1057,"브레이플록스의 야영지",0,"",0,0,1,0,0,"",0
1058,"카른의 무너진 사원",0,"",0,0,1,0,0,"",0
1059,"방랑자의 궁전",0,"",0,0,1,0,0,"",0
1060,"돌방패 경계초소",0,"",0,0,1,0,0,"",0
1061,"나무꾼의 비명",0,"",0,0,1,0,0,"",0
1062,"제멜 요새",0,"",0,0,1,0,0,"",0
1063,"옛 암다포르 성",0,"",0,0,1,0,0,"",0
1064,"시리우스 대등대",0,"",0,0,1,0,0,"",0
1065,"구리종 광산(어려움)",0,"",0,0,1,0,0,"",0
1066,"하우케타 별궁(어려움)",0,"",0,0,1,0,0,"",0
1067,"브레이플록스의 야영지(어려움)",0,"",0,0,1,0,0,"",0
1068,"할라탈리 수련장(어려움)",0,"",0,0,1,0,0,"",0
1069,"옛 암다포르 시가지",0,"",0,0,1,0,0,"",0
1070,"",0,"",0,0,0,0,0,"",0
1071,"",0,"",0,0,0,0,0,"",0
1072,"",0,"",0,0,0,0,0,"",0
1073,"",0,"",0,0,0,0,0,"",0
1074,"",0,"",0,0,0,0,0,"",0
1075,"",0,"",0,0,0,0,0,"",0
1076,"",0,"",0,0,0,0,0,"",0
1077,"",0,"",0,0,0,0,0,"",0
1078,"",0,"",0,0,0,0,0,"",0
1079,"",0,"",0,0,0,0,0,"",0
1080,"",0,"",0,0,0,0,0,"",0
1081,"",0,"",0,0,0,0,0,"",0
1082,"",0,"",0,0,0,0,0,"",0
1083,"",0,"",0,0,0,0,0,"",0
1084,"",0,"",0,0,0,0,0,"",0
1085,"",0,"",0,0,0,0,0,"",0
1086,"",0,"",0,0,0,0,0,"",0
1087,"",0,"",0,0,0,0,0,"",0
1088,"",0,"",0,0,0,0,0,"",0
1089,"",0,"",0,0,0,0,0,"",0
1090,"",0,"",0,0,0,0,0,"",0
1091,"",0,"",0,0,0,0,0,"",0
1092,"",0,"",0,0,0,0,0,"",0
1093,"",0,"",0,0,0,0,0,"",0
1094,"",0,"",0,0,0,0,0,"",0
1095,"",0,"",0,0,0,0,0,"",0
1096,"",0,"",0,0,0,0,0,"",0
1097,"",0,"",0,0,0,0,0,"",0
1098,"",0,"",0,0,0,0,0,"",0
1099,"",0,"",0,0,0,0,0,"",0
1100,"안갯빛 마을: 아담한 주택",0,"",0,0,1,0,0,"",0
1101,"안갯빛 마을: 일반 주택",0,"",0,0,1,0,0,"",0
1102,"안갯빛 마을: 대형 주택",0,"",0,0,1,0,0,"",0
1103,"하늘잔 마루: 아담한 주택",0,"",0,0,1,0,0,"",0
1104,"하늘잔 마루: 일반 주택",0,"",0,0,1,0,0,"",0
1105,"하늘잔 마루: 대형 주택",0,"",0,0,1,0,0,"",0
1106,"라벤더 안식처: 아담한 주택",0,"",0,0,1,0,0,"",0
1107,"라벤더 안식처: 일반 주택",0,"",0,0,1,0,0,"",0
1108,"라벤더 안식처: 대형 주택",0,"",0,0,1,0,0,"",0
1109,"1층",0,"",0,0,1,0,0,"",0
1110,"2층",0,"",0,0,1,0,0,"",0
1111,"지하 1층",0,"",0,0,1,0,0,"",0
1112,"1층",0,"",0,0,1,0,0,"",0
1113,"2층",0,"",0,0,1,0,0,"",0
1114,"지하 1층",0,"",0,0,1,0,0,"",0
1115,"1",0,"",0,0,1,0,0,"",0
1116,"2",0,"",0,0,1,0,0,"",0
1117,"3",0,"",0,0,1,0,0,"",0
1118,"4",0,"",0,0,1,0,0,"",0
1119,"5",0,"",0,0,1,0,0,"",0
1120,"6",0,"",0,0,1,0,0,"",0
1121,"7",0,"",0,0,1,0,0,"",0
1122,"8",0,"",0,0,1,0,0,"",0
1123,"9",0,"",0,0,1,0,0,"",0
1124,"10",0,"",0,0,1,0,0,"",0
1125,"11",0,"",0,0,1,0,0,"",0
1126,"12",0,"",0,0,1,0,0,"",0
1127,"13",0,"",0,0,1,0,0,"",0
1128,"14",0,"",0,0,1,0,0,"",0
1129,"15",0,"",0,0,1,0,0,"",0
1130,"16",0,"",0,0,1,0,0,"",0
1131,"17",0,"",0,0,1,0,0,"",0
1132,"18",0,"",0,0,1,0,0,"",0
1133,"19",0,"",0,0,1,0,0,"",0
1134,"20",0,"",0,0,1,0,0,"",0
1135,"21",0,"",0,0,1,0,0,"",0
1136,"22",0,"",0,0,1,0,0,"",0
1137,"23",0,"",0,0,1,0,0,"",0
1138,"24",0,"",0,0,1,0,0,"",0
1139,"25",0,"",0,0,1,0,0,"",0
1140,"26",0,"",0,0,1,0,0,"",0
1141,"27",0,"",0,0,1,0,0,"",0
1142,"28",0,"",0,0,1,0,0,"",0
1143,"29",0,"",0,0,1,0,0,"",0
1144,"30",0,"",0,0,1,0,0,"",0
1145,"주택",0,"",0,0,1,0,0,"",0
1146,"하우징 담당관",0,"",0,0,1,0,0,"",0
1147,"1층",0,"",0,0,1,0,0,"",0
1148,"지하 1층",0,"",0,0,1,0,0,"",0
1149,"선착장: 안갯빛 마을",0,"",0,0,1,0,0,"",0
1150,"안갯빛 마을 동부",0,"",0,0,1,0,0,"",0
1151,"라벤더 안식처 동부",0,"",0,0,1,0,0,"",0
1152,"하늘잔 마루 북부",0,"",0,0,1,0,0,"",0
1153,"하늘잔 마루 남동부",0,"",0,0,1,0,0,"",0
1154,"안내인: 하늘잔 마루",0,"",0,0,1,0,0,"",0
1155,"안갯빛 마을 남부",0,"",0,0,1,0,0,"",0
1156,"안갯빛 마을 남부(선착장)",0,"",0,0,1,0,0,"",0
1157,"안갯빛 마을: 개인실",0,"",0,0,1,0,0,"",0
1158,"하늘잔 마루: 개인실",0,"",0,0,1,0,0,"",0
1159,"라벤더 안식처: 개인실",0,"",0,0,1,0,0,"",0
1160,"개인 주택",0,"",0,0,1,0,0,"",0
1161,"안갯빛 마을",0,"",0,0,1,0,0,"",0
1162,"[확장 구역] 안갯빛 마을",0,"",0,0,1,0,0,"",0
1163,"하늘잔 마루",0,"",0,0,1,0,0,"",0
1164,"[확장 구역] 하늘잔 마루",0,"",0,0,1,0,0,"",0
1165,"라벤더 안식처",0,"",0,0,1,0,0,"",0
1166,"[확장 구역] 라벤더 안식처",0,"",0,0,1,0,0,"",0
1167,"[확장 구역] 안갯빛 해변",0,"",0,0,1,0,0,"",0
1168,"[확장 구역] 안개문 광장",0,"",0,0,1,0,0,"",0
1169,"[확장 구역] 멜위브 수도교",0,"",0,0,1,0,0,"",0
1170,"[확장 구역] 바다눈길 시장",0,"",0,0,1,0,0,"",0
1171,"[확장 구역] 안갯빛 마을 북동부",0,"",0,0,1,0,0,"",0
1172,"[확장 구역] 안갯빛 마을 남동부",0,"",0,0,1,0,0,"",0
1173,"[확장 구역] 안갯빛 마을 중앙부",0,"",0,0,1,0,0,"",0
1174,"[확장 구역] 안갯빛 마을 북서부(선착장)",0,"",0,0,1,0,0,"",0
1175,"[확장 구역] 안갯빛 마을 남서부",0,"",0,0,1,0,0,"",0
1176,"[확장 구역] 바다눈길 시장(거주구 담당관)",0,"",0,0,1,0,0,"",0
1177,"[확장 구역] 센나의 나무",0,"",0,0,1,0,0,"",0
1178,"[확장 구역] 나무왕관 상점가",0,"",0,0,1,0,0,"",0
1179,"[확장 구역] 서낭신의 돌문",0,"",0,0,1,0,0,"",0
1180,"[확장 구역] 연둣빛 상점가",0,"",0,0,1,0,0,"",0
1181,"[확장 구역] 라벤더 안식처 북동부",0,"",0,0,1,0,0,"",0
1182,"[확장 구역] 라벤더 안식처 남부",0,"",0,0,1,0,0,"",0
1183,"[확장 구역] 라벤더 안식처 북서부",0,"",0,0,1,0,0,"",0
1184,"[확장 구역] 라벤더 안식처 남서부",0,"",0,0,1,0,0,"",0
1185,"[확장 구역] 야이누 파의 뜰",0,"",0,0,1,0,0,"",0
1186,"[확장 구역] 보랏빛 나루",0,"",0,0,1,0,0,"",0
1187,"[확장 구역] 나무왕관 상점가(거주구 담당관)",0,"",0,0,1,0,0,"",0
1188,"[확장 구역] 끝없는 외풍",0,"",0,0,1,0,0,"",0
1189,"[확장 구역] 하늘잔 시장",0,"",0,0,1,0,0,"",0
1190,"[확장 구역] 한마음 광장",0,"",0,0,1,0,0,"",0
1191,"[확장 구역] 나나모 대풍차",0,"",0,0,1,0,0,"",0
1192,"[확장 구역] 라우반의 팔",0,"",0,0,1,0,0,"",0
1193,"[확장 구역] 하늘잔 마루 동부",0,"",0,0,1,0,0,"",0
1194,"[확장 구역] 하늘잔 마루 북부",0,"",0,0,1,0,0,"",0
1195,"[확장 구역] 하늘잔 마루 남동부",0,"",0,0,1,0,0,"",0
1196,"[확장 구역] 하늘잔 마루 남부",0,"",0,0,1,0,0,"",0
1197,"[확장 구역] 하늘잔 마루 남서부",0,"",0,0,1,0,0,"",0
1198,"[확장 구역] 하늘잔 시장(거주구 담당관)",0,"",0,0,1,0,0,"",0
1199,"[확장 구역] 선착장: 안갯빛 마을",0,"",0,0,1,0,0,"",0
1200,"안개문 광장",0,"",0,0,1,0,0,"",0
1201,"멜위브 수도교",0,"",0,0,1,0,0,"",0
1202,"바다눈길 시장",0,"",0,0,1,0,0,"",0
1203,"안갯빛 해변",0,"",0,0,1,0,0,"",0
1204,"안갯빛 마을 북서부",0,"",0,0,1,0,0,"",0
1205,"안갯빛 마을 북동부",0,"",0,0,1,0,0,"",0
1206,"바다눈길 시장(거주구 담당관)",0,"",0,0,1,0,0,"",0
1207,"안갯빛 마을 남동부",0,"",0,0,1,0,0,"",0
1208,"하늘잔 시장",0,"",0,0,1,0,0,"",0
1209,"끝없는 외풍",0,"",0,0,1,0,0,"",0
1210,"한마음 광장",0,"",0,0,1,0,0,"",0
1211,"나나모 대풍차",0,"",0,0,1,0,0,"",0
1212,"라우반의 팔",0,"",0,0,1,0,0,"",0
1213,"하늘잔 시장(거주구 담당관)",0,"",0,0,1,0,0,"",0
1214,"하늘잔 마루 북동부",0,"",0,0,1,0,0,"",0
1215,"하늘잔 마루 서부",0,"",0,0,1,0,0,"",0
1216,"하늘잔 마루 동부",0,"",0,0,1,0,0,"",0
1217,"나무왕관 상점가",0,"",0,0,1,0,0,"",0
1218,"센나의 나무",0,"",0,0,1,0,0,"",0
1219,"서낭신의 돌문",0,"",0,0,1,0,0,"",0
1220,"연둣빛 상점가",0,"",0,0,1,0,0,"",0
1221,"야이누 파의 뜰",0,"",0,0,1,0,0,"",0
1222,"보랏빛 나루",0,"",0,0,1,0,0,"",0
1223,"라벤더 안식처 북서부",0,"",0,0,1,0,0,"",0
1224,"라벤더 안식처 남동부",0,"",0,0,1,0,0,"",0
1225,"라벤더 안식처 남서부",0,"",0,0,1,0,0,"",0
1226,"나무왕관 상점가(거주구 담당관)",0,"",0,0,1,0,0,"",0
1227,"안갯빛 마을: 지하공방",0,"",0,0,1,0,0,"",0
1228,"하늘잔 마루: 지하공방",0,"",0,0,1,0,0,"",0
1229,"라벤더 안식처: 지하공방",0,"",0,0,1,0,0,"",0
1230,"에테라이트",0,"",0,0,1,0,0,"",0
1231,"도시 내 이동",0,"",0,0,1,0,0,"",0
1232,"상점",0,"",0,0,1,0,0,"",0
1233,"수리",0,"",0,0,1,0,0,"",0
1234,"모그레터",0,"",0,0,1,0,0,"",0
1235,"초인종",0,"",0,0,1,0,0,"",0
1236,"집사 고용",0,"",0,0,1,0,0,"",0
1237,"링크셸 배포",0,"",0,0,1,0,0,"",0
1238,"부대 금고",0,"",0,0,1,0,0,"",0
1239,"초인종",0,"",0,0,1,0,0,"",0
1240,"침대",0,"",0,0,1,0,0,"",0
1241,"방명록",0,"",0,0,1,0,0,"",0
1242,"간이 에테라이트",0,"",0,0,1,0,0,"",0
1243,"던전",0,"",0,0,1,0,0,"",0
1244,"선착장",0,"",0,0,1,0,0,"",0
1245,"여객선 부두",0,"",0,0,1,0,0,"",0
1246,"비공정 승강장",0,"",0,0,1,0,0,"",0
1247,"거점",0,"",0,0,1,0,0,"",0
1248,"여관",0,"",0,0,1,0,0,"",0
1249,"모험가 길드",0,"",0,0,1,0,0,"",0
1250,"위층으로",0,"",0,0,1,0,0,"",0
1251,"아래층으로",0,"",0,0,1,0,0,"",0
1252,"인접 지역으로",0,"",0,0,1,0,0,"",0
1253,"아말쟈족 거점",0,"",0,0,1,0,0,"",0
1254,"실프족 거점",0,"",0,0,1,0,0,"",0
1255,"이크살족 거점",0,"",0,0,1,0,0,"",0
1256,"사하긴족 거점",0,"",0,0,1,0,0,"",0
1257,"코볼드족 거점",0,"",0,0,1,0,0,"",0
1258,"검술사 길드",0,"",0,0,1,0,0,"",0
1259,"격투사 길드",0,"",0,0,1,0,0,"",0
1260,"도끼술사 길드",0,"",0,0,1,0,0,"",0
1261,"창술사 길드",0,"",0,0,1,0,0,"",0
1262,"궁술사 길드",0,"",0,0,1,0,0,"",0
1263,"환술사 길드",0,"",0,0,1,0,0,"",0
1264,"주술사 길드",0,"",0,0,1,0,0,"",0
1265,"비술사 길드",0,"",0,0,1,0,0,"",0
1266,"목수 길드",0,"",0,0,1,0,0,"",0
1267,"대장장이 길드",0,"",0,0,1,0,0,"",0
1268,"갑주제작사 길드",0,"",0,0,1,0,0,"",0
1269,"보석공예가 길드",0,"",0,0,1,0,0,"",0
1270,"가죽공예가 길드",0,"",0,0,1,0,0,"",0
1271,"재봉사 길드",0,"",0,0,1,0,0,"",0
1272,"연금술사 길드",0,"",0,0,1,0,0,"",0
1273,"요리사 길드",0,"",0,0,1,0,0,"",0
1274,"광부 길드",0,"",0,0,1,0,0,"",0
1275,"원예가 길드",0,"",0,0,1,0,0,"",0
1276,"어부 길드",0,"",0,0,1,0,0,"",0
1277,"흑와단 군령부",0,"",0,0,1,0,0,"",0
1278,"쌍사당 통합사령부",0,"",0,0,1,0,0,"",0
1279,"불멸대 작전본부",0,"",0,0,1,0,0,"",0
1280,"하우징 담당관",0,"",0,0,1,0,0,"",0
1281,"장터 게시판",0,"",0,0,1,0,0,"",0
1282,"결투 구역",0,"",0,0,1,0,0,"",0
1283,"레이드",0,"",0,0,1,0,0,"",0
1284,"흑와단 대기 지점",0,"",0,0,1,0,0,"",0
1285,"쌍사당 대기 지점",0,"",0,0,1,0,0,"",0
1286,"불멸대 대기 지점",0,"",0,0,1,0,0,"",0
1287,"마물 수배 게시판",0,"",0,0,1,0,0,"",0
1288,"일기예보사",0,"",0,0,1,0,0,"",0
1289,"쌍검사 길드",0,"",0,0,1,0,0,"",0
1290,"골드 소서 도우미",0,"",0,0,1,0,0,"",0
1291,"성 겡리올 점성원",0,"",0,0,1,0,0,"",0
1292,"하늘강철 기공방",0,"",0,0,1,0,0,"",0
1293,"초코보 수송",0,"",0,0,1,0,0,"",0
1294,"다른 지역으로 이동",0,"",0,0,1,0,0,"",0
1295,"전문 장인 인증",0,"",0,0,1,0,0,"",0
1296,"마테리아 장인",0,"",0,0,1,0,0,"",0
1297,"쿠로 알리아포",0,"",0,0,1,0,0,"",0
1298,"",0,"",0,0,0,0,0,"",0
1299,"",0,"",0,0,0,0,0,"",0
1300,"",0,"",0,0,0,0,0,"",0
1301,"메테오의 그림자",0,"",0,0,1,0,0,"",0
1302,"구속의 고리",0,"",0,0,1,0,0,"",0
1303,"라그나로크급 3번함 함체 중앙부",0,"",0,0,1,0,0,"",0
1304,"라그나로크급 3번함 작전실",0,"",0,0,1,0,0,"",0
1305,"라그나로크급 3번함 제1함교",0,"",0,0,1,0,0,"",0
1306,"개척된 산길",0,"",0,0,1,0,0,"",0
1307,"골렘의 핏길",0,"",0,0,1,0,0,"",0
1308,"상흔의 입구",0,"",0,0,1,0,0,"",0
1309,"배양기 운반기구",0,"",0,0,1,0,0,"",0
1310,"생체 관리 구역",0,"",0,0,1,0,0,"",0
1311,"생체 전송 구역",0,"",0,0,1,0,0,"",0
1312,"파괴된 외부 격벽",0,"",0,0,1,0,0,"",0
1313,"상부 갑판",0,"",0,0,1,0,0,"",0
1314,"주 갑판",0,"",0,0,1,0,0,"",0
1315,"하부 갑판",0,"",0,0,1,0,0,"",0
1316,"좌현 제XIV구획",0,"",0,0,1,0,0,"",0
1317,"우현 제XIII구획",0,"",0,0,1,0,0,"",0
1318,"좌현 제XII구획",0,"",0,0,1,0,0,"",0
1319,"우현 제XI구획",0,"",0,0,1,0,0,"",0
1320,"좌현 제X구획",0,"",0,0,1,0,0,"",0
1321,"우현 제IX구획",0,"",0,0,1,0,0,"",0
1322,"중추 제VIII구획",0,"",0,0,1,0,0,"",0
1323,"중추 제VII구획",0,"",0,0,1,0,0,"",0
1324,"좌현 제VI구획",0,"",0,0,1,0,0,"",0
1325,"우현 제V구획",0,"",0,0,1,0,0,"",0
1326,"좌현 제IV구획",0,"",0,0,1,0,0,"",0
1327,"우현 제III구획",0,"",0,0,1,0,0,"",0
1328,"좌현 제II구획",0,"",0,0,1,0,0,"",0
1329,"우현 제I구획",0,"",0,0,1,0,0,"",0
1330,"중추 함수 구역",0,"",0,0,1,0,0,"",0
1331,"거인의 방",0,"",0,0,1,0,0,"",0
1332,"검투사의 전당",0,"",0,0,1,0,0,"",0
1333,"할라탈리 수련장(어려움)",0,"",0,0,1,0,0,"",0
1334,"대 리바이어선 쌍동선",0,"",0,0,1,0,0,"",0
1335,"부패한 시가지",0,"",0,0,1,0,0,"",0
1336,"봉인된 동굴",0,"",0,0,1,0,0,"",0
1337,"제1대교각",0,"",0,0,1,0,0,"",0
1338,"제2대교각",0,"",0,0,1,0,0,"",0
1339,"수원지 샛길",0,"",0,0,1,0,0,"",0
1340,"침입자의 임시 다리",0,"",0,0,1,0,0,"",0
1341,"브레이플록스의 쓰레기장",0,"",0,0,1,0,0,"",0
1342,"침입자의 야영지",0,"",0,0,1,0,0,"",0
1343,"부패의 대로",0,"",0,0,1,0,0,"",0
1344,"평화의 잔재",0,"",0,0,1,0,0,"",0
1345,"백마도사의 탑",0,"",0,0,1,0,0,"",0
1346,"꿈의 궁전",0,"",0,0,1,0,0,"",0
1347,"봉인된 동굴",0,"",0,0,1,0,0,"",0
1348,"악몽의 무도회장",0,"",0,0,1,0,0,"",0
1349,"임시 관문",0,"",0,0,1,0,0,"",0
1350,"새벽의 방",0,"",0,0,1,0,0,"",0
1351,"브레이플록스의 야영지(어려움)",0,"",0,0,1,0,0,"",0
1352,"안내인: 달 회랑",0,"",0,0,1,0,0,"",0
1353,"배양층",0,"",0,0,1,0,0,"",0
1354,"관리층",0,"",0,0,1,0,0,"",0
1355,"주 격납고",0,"",0,0,1,0,0,"",0
1356,"승천의 계단",0,"",0,0,1,0,0,"",0
1357,"무리늑대 광장",0,"",0,0,1,0,0,"",0
1358,"나선 회랑",0,"",0,0,1,0,0,"",0
1359,"수호자의 투기장",0,"",0,0,1,0,0,"",0
1360,"황금 회랑",0,"",0,0,1,0,0,"",0
1361,"제국 극장",0,"",0,0,1,0,0,"",0
1362,"시황제의 옥좌",0,"",0,0,1,0,0,"",0
1363,"심판의 나무",0,"",0,0,1,0,0,"",0
1364,"쌍사당 대기 지점",0,"",0,0,1,0,0,"",0
1365,"불멸대 대기 지점",0,"",0,0,1,0,0,"",0
1366,"흑와단 대기 지점",0,"",0,0,1,0,0,"",0
1367,"쌍사당 전초기지",0,"",0,0,1,0,0,"",0
1368,"불멸대 전초기지",0,"",0,0,1,0,0,"",0
1369,"흑와단 전초기지",0,"",0,0,1,0,0,"",0
1370,"알라그 시장 유적",0,"",0,0,1,0,0,"",0
1371,"알라그 태양신전",0,"",0,0,1,0,0,"",0
1372,"알라그 주거 유적",0,"",0,0,1,0,0,"",0
1373,"태양광장 방위탑",0,"",0,0,1,0,0,"",0
1374,"카르테노 평원: 외곽 유적지대",0,"",0,0,1,0,0,"",0
1375,"탐타라 묘소(어려움)",0,"",0,0,1,0,0,"",0
1376,"돌방패 경계초소(어려움)",0,"",0,0,1,0,0,"",0
1377,"난파선의 섬",0,"",0,0,1,0,0,"",0
1378,"안개수염 일당 아지트",0,"",0,0,1,0,0,"",0
1379,"안개수염 보물창고",0,"",0,0,1,0,0,"",0
1380,"기함 '바다안개호'",0,"",0,0,1,0,0,"",0
1381,"생존자의 해안",0,"",0,0,1,0,0,"",0
1382,"작은 홀",0,"",0,0,1,0,0,"",0
1383,"에테라이트 광장(격투사 길드/불멸대)",0,"",0,0,1,0,0,"",0
1384,"에테라이트 광장(모험가 길드/목수 길드/쌍사당)",0,"",0,0,1,0,0,"",0
1385,"에카틀 실험장",0,"",0,0,1,0,0,"",0
1386,"신음하는 연못",0,"",0,0,1,0,0,"",0
1387,"썰물길",0,"",0,0,1,0,0,"",0
1388,"점거 당한 아지트",0,"",0,0,1,0,0,"",0
1389,"숨겨진 부두",0,"",0,0,1,0,0,"",0
1390,"계율의 고치",0,"",0,0,1,0,0,"",0
1391,"영원의 성당",0,"",0,0,1,0,0,"",0
1392,"로웨나 기념회관",0,"",0,0,1,0,0,"",0
1393,"공방 '다이아몬드 제련소'",0,"",0,0,1,0,0,"",0
1394,"이단자의 땅굴",0,"",0,0,1,0,0,"",0
1395,"고요한 얼음 동굴",0,"",0,0,1,0,0,"",0
1396,"눈보라 절벽",0,"",0,0,1,0,0,"",0
1397,"이단자의 비밀 소굴",0,"",0,0,1,0,0,"",0
1398,"얼음기둥 뜰",0,"",0,0,1,0,0,"",0
1399,"아크 아파 원형극장",0,"",0,0,1,0,0,"",0
1400,"임시 감옥",0,"",0,0,1,0,0,"",0
1401,"배수 관리실",0,"",0,0,1,0,0,"",0
1402,"",0,"",0,0,0,0,0,"",0
1403,"카른의 무너진 사원(어려움)",0,"",0,0,1,0,0,"",0
1404,"라라푸토 IV세의 지하정원",0,"",0,0,1,0,0,"",0
1405,"라라푸토 I세의 안뜰",0,"",0,0,1,0,0,"",0
1406,"라그나로크급 6번함 함체 중앙부",0,"",0,0,1,0,0,"",0
1407,"라그나로크급 6번함 재생 제어 구역",0,"",0,0,1,0,0,"",0
1408,"라그나로크급 6번함 제1함교",0,"",0,0,1,0,0,"",0
1409,"바하무트 핵심부",0,"",0,0,1,0,0,"",0
1410,"라그나로크급 4번함 제1함교",0,"",0,0,1,0,0,"",0
1411,"생체 관리 구역",0,"",0,0,1,0,0,"",0
1412,"제VII생체 구역",0,"",0,0,1,0,0,"",0
1413,"제IX생체 구역",0,"",0,0,1,0,0,"",0
1414,"제XII생체 구역",0,"",0,0,1,0,0,"",0
1415,"정신 접속 구역",0,"",0,0,1,0,0,"",0
1416,"제I신도 구역",0,"",0,0,1,0,0,"",0
1417,"생체 전송 구역",0,"",0,0,1,0,0,"",0
1418,"재생 제어 구역 외곽",0,"",0,0,1,0,0,"",0
1419,"재생 제어 구역 내곽",0,"",0,0,1,0,0,"",0
1420,"1번함 관제 구역",0,"",0,0,1,0,0,"",0
1421,"8번함 관제 구역",0,"",0,0,1,0,0,"",0
1422,"9번함 관제 구역",0,"",0,0,1,0,0,"",0
1423,"4번함 관제 구역",0,"",0,0,1,0,0,"",0
1424,"2번함 관제 구역",0,"",0,0,1,0,0,"",0
1425,"구속의 고리 제어 구역",0,"",0,0,1,0,0,"",0
1426,"핵심 제어 구역",0,"",0,0,1,0,0,"",0
1427,"에델바이스 상회",0,"",0,0,1,0,0,"",0
1428,"선착장 창고",0,"",0,0,1,0,0,"",0
1429,"응접실",0,"",0,0,1,0,0,"",0
1430,"지하",0,"",0,0,1,0,0,"",0
1431,"어둠의 세계",0,"",0,0,1,0,0,"",0
1432,"케르베로스의 위장",0,"",0,0,1,0,0,"",0
1433,"눈의 영역",0,"",0,0,1,0,0,"",0
1434,"용의 영역",0,"",0,0,1,0,0,"",0
1435,"개의 영역",0,"",0,0,1,0,0,"",0
1436,"어둠의 영역",0,"",0,0,1,0,0,"",0
1437,"케르베로스의 위장",0,"",0,0,1,0,0,"",0
1438,"어둠의 해변",0,"",0,0,1,0,0,"",0
1439,"눈의 섬",0,"",0,0,1,0,0,"",0
1440,"눈의 전망대",0,"",0,0,1,0,0,"",0
1441,"목의 섬",0,"",0,0,1,0,0,"",0
1442,"용의 사냥터",0,"",0,0,1,0,0,"",0
1443,"입의 섬",0,"",0,0,1,0,0,"",0
1444,"개의 대문",0,"",0,0,1,0,0,"",0
1445,"어둠의 전송기",0,"",0,0,1,0,0,"",0
1446,"어둠의 고치",0,"",0,0,1,0,0,"",0
1447,"옛 암다포르 성(어려움)",0,"",0,0,1,0,0,"",0
1448,"비탄의 앞뜰",0,"",0,0,1,0,0,"",0
1449,"고뇌의 방",0,"",0,0,1,0,0,"",0
1450,"재앙의 십자로",0,"",0,0,1,0,0,"",0
1451,"유혈의 무도회장",0,"",0,0,1,0,0,"",0
1452,"대형 원양어선",0,"",0,0,1,0,0,"",0
1453,"에델바이스 상회<br>(쌍검사 길드)",0,"",0,0,1,0,0,"",0
1454,"31",0,"",0,0,1,0,0,"",0
1455,"32",0,"",0,0,1,0,0,"",0
1456,"33",0,"",0,0,1,0,0,"",0
1457,"34",0,"",0,0,1,0,0,"",0
1458,"35",0,"",0,0,1,0,0,"",0
1459,"36",0,"",0,0,1,0,0,"",0
1460,"37",0,"",0,0,1,0,0,"",0
1461,"38",0,"",0,0,1,0,0,"",0
1462,"39",0,"",0,0,1,0,0,"",0
1463,"40",0,"",0,0,1,0,0,"",0
1464,"41",0,"",0,0,1,0,0,"",0
1465,"42",0,"",0,0,1,0,0,"",0
1466,"43",0,"",0,0,1,0,0,"",0
1467,"44",0,"",0,0,1,0,0,"",0
1468,"45",0,"",0,0,1,0,0,"",0
1469,"46",0,"",0,0,1,0,0,"",0
1470,"47",0,"",0,0,1,0,0,"",0
1471,"48",0,"",0,0,1,0,0,"",0
1472,"49",0,"",0,0,1,0,0,"",0
1473,"50",0,"",0,0,1,0,0,"",0
1474,"51",0,"",0,0,1,0,0,"",0
1475,"52",0,"",0,0,1,0,0,"",0
1476,"53",0,"",0,0,1,0,0,"",0
1477,"54",0,"",0,0,1,0,0,"",0
1478,"55",0,"",0,0,1,0,0,"",0
1479,"56",0,"",0,0,1,0,0,"",0
1480,"57",0,"",0,0,1,0,0,"",0
1481,"58",0,"",0,0,1,0,0,"",0
1482,"59",0,"",0,0,1,0,0,"",0
1483,"60",0,"",0,0,1,0,0,"",0
1484,"골드 소서",0,"",0,0,1,0,0,"",0
1485,"입구 광장",0,"",0,0,1,0,0,"",0
1486,"에테라이트 광장",0,"",0,0,1,0,0,"",0
1487,"카드 광장",0,"",0,0,1,0,0,"",0
1488,"신비의 광장",0,"",0,0,1,0,0,"",0
1489,"원형 광장",0,"",0,0,1,0,0,"",0
1490,"이벤트 광장",0,"",0,0,1,0,0,"",0
1491,"골드 소서 비공정 승강장",0,"",0,0,1,0,0,"",0
1492,"중앙 카운터",0,"",0,0,1,0,0,"",0
1493,"초코보 승강기",0,"",0,0,1,0,0,"",0
1494,"자보텐더",0,"",0,0,1,0,0,"",0
1495,"코렐 산",0,"",0,0,1,0,0,"",0
1496,"이벤트 무대",0,"",0,0,1,0,0,"",0
1497,"복권 추첨소",0,"",0,0,1,0,0,"",0
1498,"맨더빌 라운지",0,"",0,0,1,0,0,"",0
1499,"맨더빌 라운지",0,"",0,0,1,0,0,"",0
1500,"초코보 광장",0,"",0,0,1,0,0,"",0
1501,"초코보 경주 카운터",0,"",0,0,1,0,0,"",0
1502,"초코보 승강기",0,"",0,0,1,0,0,"",0
1503,"무너진 구조체",0,"",0,0,1,0,0,"",0
1504,"제국군 임시 작업장",0,"",0,0,1,0,0,"",0
1505,"부유가스 충전 구역",0,"",0,0,1,0,0,"",0
1506,"환룡의 등",0,"",0,0,1,0,0,"",0
1507,"묵약의 방",0,"",0,0,1,0,0,"",0
1508,"（仮）第１障壁",0,"",0,0,1,0,0,"",0
1509,"（仮）第2障壁",0,"",0,0,1,0,0,"",0
1510,"대 드래곤 쇠뇌: 플라비앵",0,"",0,0,1,0,0,"",0
1511,"（仮）第3障壁",0,"",0,0,1,0,0,"",0
1512,"대 드래곤 쇠뇌: 실베트렐",0,"",0,0,1,0,0,"",0
1513,"（仮）第4障壁",0,"",0,0,1,0,0,"",0
1514,"대 드래곤 쇠뇌: 할드라스",0,"",0,0,1,0,0,"",0
1515,"성도의 문",0,"",0,0,1,0,0,"",0
1516,"（仮）防衛橋エリア名",0,"",0,0,1,0,0,"",0
1517,"에테라이트 광장",0,"",0,0,1,0,0,"",0
1518,"입구 광장(카드 광장)",0,"",0,0,1,0,0,"",0
1519,"신비의 광장 동쪽",0,"",0,0,1,0,0,"",0
1520,"신비의 광장 서쪽",0,"",0,0,1,0,0,"",0
1521,"이벤트 광장",0,"",0,0,1,0,0,"",0
1522,"복권 추첨소",0,"",0,0,1,0,0,"",0
1523,"원형 광장",0,"",0,0,1,0,0,"",0
1524,"초코보 광장",0,"",0,0,1,0,0,"",0
1525,"아래층",0,"",0,0,1,0,0,"",0
1526,"가운데층",0,"",0,0,1,0,0,"",0
1527,"위층",0,"",0,0,1,0,0,"",0
1528,"1층",0,"",0,0,1,0,0,"",0
1529,"3층",0,"",0,0,1,0,0,"",0
1530,"지하 1층",0,"",0,0,1,0,0,"",0
1531,"외곽 안뜰",0,"",0,0,1,0,0,"",0
1532,"기병 막사",0,"",0,0,1,0,0,"",0
1533,"요새 내부",0,"",0,0,1,0,0,"",0
1534,"연병장",0,"",0,0,1,0,0,"",0
1535,"작전회의실",0,"",0,0,1,0,0,"",0
1536,"성 겡리올 예배당",0,"",0,0,1,0,0,"",0
1537,"요새 외벽",0,"",0,0,1,0,0,"",0
1538,"결승선",0,"",0,0,1,0,0,"",0
1539,"뜀뛰는 돌의 섬",0,"",0,0,1,0,0,"",0
1540,"나무가 흔들리는 길",0,"",0,0,1,0,0,"",0
1541,"물에 감싸인 정원",0,"",0,0,1,0,0,"",0
1542,"높바람 부는 신의 섬",0,"",0,0,1,0,0,"",0
1543,"바람이 머무는 제단",0,"",0,0,1,0,0,"",0
1544,"구름이 태어나는 신전",0,"",0,0,1,0,0,"",0
1545,"박물함 입구",0,"",0,0,1,0,0,"",0
1546,"역사 전시실",0,"",0,0,1,0,0,"",0
1547,"병기 전시실",0,"",0,0,1,0,0,"",0
1548,"박물함 방위실",0,"",0,0,1,0,0,"",0
1549,"제III전시구역",0,"",0,0,1,0,0,"",0
1550,"특급 키메라 배양실",0,"",0,0,1,0,0,"",0
1551,"보라 관제구역",0,"",0,0,1,0,0,"",0
1552,"진홍 관제구역",0,"",0,0,1,0,0,"",0
1553,"연녹 관제구역",0,"",0,0,1,0,0,"",0
1554,"현실확장실",0,"",0,0,1,0,0,"",0
1555,"뱃머리 구조체",0,"",0,0,1,0,0,"",0
1556,"좌현 구조체",0,"",0,0,1,0,0,"",0
1557,"우현 구조체",0,"",0,0,1,0,0,"",0
1558,"예배당 신랑",0,"",0,0,1,0,0,"",0
1559,"예배당 측랑",0,"",0,0,1,0,0,"",0
1560,"교황청 안뜰",0,"",0,0,1,0,0,"",0
1561,"빙천궁",0,"",0,0,1,0,0,"",0
1562,"교황청 신랑",0,"",0,0,1,0,0,"",0
1563,"성 토르당 대성당",0,"",0,0,1,0,0,"",0
1564,"예배당 승강실",0,"",0,0,1,0,0,"",0
1565,"정원 동쪽 승강실",0,"",0,0,1,0,0,"",0
1566,"정원 서쪽 승강실",0,"",0,0,1,0,0,"",0
1567,"빙천궁 승강실",0,"",0,0,1,0,0,"",0
1568,"빙천궁 성소",0,"",0,0,1,0,0,"",0
1569,"",0,"",0,0,1,0,0,"",0
1570,"성가대석",0,"",0,0,1,0,0,"",0
1571,"기사단 강당",0,"",0,0,1,0,0,"",0
1572,"빙천궁 예배당",0,"",0,0,1,0,0,"",0
1573,"외부 둥지",0,"",0,0,1,0,0,"",0
1574,"내부 둥지",0,"",0,0,1,0,0,"",0
1575,"둥지 꼭대기",0,"",0,0,1,0,0,"",0
1576,"중심 구조체",0,"",0,0,1,0,0,"",0
1577,"아크 팔 라이",0,"",0,0,1,0,0,"",0
1578,"꼬마 친구 광장",0,"",0,0,1,0,0,"",0
1579,"제66호 전선 배양실",0,"",0,0,1,0,0,"",0
1580,"텐 우르",0,"",0,0,1,0,0,"",0
1581,"에른 스코르",0,"",0,0,1,0,0,"",0
1582,"니드호그 안",0,"",0,0,1,0,0,"",0
1583,"파괴된 접점",0,"",0,0,1,0,0,"",0
1584,"바다뱀의 목구멍",0,"",0,0,1,0,0,"",0
1585,"봉인된 바위섬 상륙 지점",0,"",0,0,1,0,0,"",0
1586,"좁은길 침식곡",0,"",0,0,1,0,0,"",0
1587,"제비꼬리 해안",0,"",0,0,1,0,0,"",0
1588,"선발대 발굴지",0,"",0,0,1,0,0,"",0
1589,"정문",0,"",0,0,1,0,0,"",0
1590,"기계병기 연구동",0,"",0,0,1,0,0,"",0
1591,"물자 운반로",0,"",0,0,1,0,0,"",0
1592,"물자 분배장",0,"",0,0,1,0,0,"",0
1593,"생체병기 연구동",0,"",0,0,1,0,0,"",0
1594,"특수 경계 통로",0,"",0,0,1,0,0,"",0
1595,"삼투신 제어구",0,"",0,0,1,0,0,"",0
1596,"신경연결부",0,"",0,0,1,0,0,"",0
1597,"마빈 구체",0,"",0,0,1,0,0,"",0
1598,"견본 기체 실험고",0,"",0,0,1,0,0,"",0
1599,"평가시험장",0,"",0,0,1,0,0,"",0
1600,"제VII배양층",0,"",0,0,1,0,0,"",0
1601,"제VIII배양층",0,"",0,0,1,0,0,"",0
1602,"신경연결기관",0,"",0,0,1,0,0,"",0
1603,"경계병기 연구동",0,"",0,0,1,0,0,"",0
1604,"생체병기 연구동",0,"",0,0,1,0,0,"",0
1605,"삼투신 제어구",0,"",0,0,1,0,0,"",0
1606,"남쪽 산비탈",0,"",0,0,1,0,0,"",0
1607,"영봉의 혈관",0,"",0,0,1,0,0,"",0
1608,"불의의 산길",0,"",0,0,1,0,0,"",0
1609,"청록 절벽",0,"",0,0,1,0,0,"",0
1610,"붉은 무덤",0,"",0,0,1,0,0,"",0
1611,"푸른 무덤",0,"",0,0,1,0,0,"",0
1612,"영봉의 상처",0,"",0,0,1,0,0,"",0
1613,"헤스 아파",0,"",0,0,1,0,0,"",0
1614,"솜 알: 불의의 산길",0,"",0,0,1,0,0,"",0
1615,"솜 알: 영봉의 혈관",0,"",0,0,1,0,0,"",0
1616,"솜 알: 영봉의 상처",0,"",0,0,1,0,0,"",0
1617,"묵상열람실",0,"",0,0,1,0,0,"",0
1618,"환상서고",0,"",0,0,1,0,0,"",0
1619,"괴상회합실",0,"",0,0,1,0,0,"",0
1620,"에테르학 연구실",0,"",0,0,1,0,0,"",0
1621,"박물학 연구실",0,"",0,0,1,0,0,"",0
1622,"몽상금서고",0,"",0,0,1,0,0,"",0
1623,"악마서 복도",0,"",0,0,1,0,0,"",0
1624,"점성학 연구실",0,"",0,0,1,0,0,"",0
1625,"광상금서고",0,"",0,0,1,0,0,"",0
1626,"승강기",0,"",0,0,1,0,0,"",0
1627,"승강기",0,"",0,0,1,0,0,"",0
1628,"고르디우스의 주먹",0,"",0,0,1,0,0,"",0
1629,"제583 정비갱도",0,"",0,0,1,0,0,"",0
1630,"제262 증기기관실",0,"",0,0,1,0,0,"",0
1631,"제44 기공병 격납고",0,"",0,0,1,0,0,"",0
1632,"제8 대형 격납고",0,"",0,0,1,0,0,"",0
1633,"고르디우스의 손목",0,"",0,0,1,0,0,"",0
1634,"제542 정비갱도",0,"",0,0,1,0,0,"",0
1635,"제541 정비갱도",0,"",0,0,1,0,0,"",0
1636,"제539 정비갱도",0,"",0,0,1,0,0,"",0
1637,"제12 대형 격납고",0,"",0,0,1,0,0,"",0
1638,"고르디우스의 팔",0,"",0,0,1,0,0,"",0
1639,"제523 정비갱도",0,"",0,0,1,0,0,"",0
1640,"전략회의소 1층",0,"",0,0,1,0,0,"",0
1641,"전략회의소 2층",0,"",0,0,1,0,0,"",0
1642,"전략회의소 3층",0,"",0,0,1,0,0,"",0
1643,"전략회의소 4층",0,"",0,0,1,0,0,"",0
1644,"제9대형복수기",0,"",0,0,1,0,0,"",0
1645,"고르디우스의 어깨",0,"",0,0,1,0,0,"",0
1646,"초코보 광장(꼬마 친구 광장)",0,"",0,0,1,0,0,"",0
1647,"디아뎀 제도",0,"",0,0,1,0,0,"",0
1648,"손목 위층",0,"",0,0,1,0,0,"",0
1649,"손목 아래층",0,"",0,0,1,0,0,"",0
1650,"에테라이트 광장",0,"",0,0,1,0,0,"",0
1651,"잊힌 기사 주점(성 발루아양 광장)",0,"",0,0,1,0,0,"",0
1652,"하늘강철 기공방(성 레네트 광장)",0,"",0,0,1,0,0,"",0
1653,"구름안개 거리",0,"",0,0,1,0,0,"",0
1654,"성 겡리올 점성원(비공정 승강장)",0,"",0,0,1,0,0,"",0
1655,"시장(보석홀장 거리)",0,"",0,0,1,0,0,"",0
1656,"성 레마노 대성당(성 앙달림 신학원)",0,"",0,0,1,0,0,"",0
1657,"신성재판소",0,"",0,0,1,0,0,"",0
1658,"최후의 보루(포르탕 저택)",0,"",0,0,1,0,0,"",0
1659,"성도의 문(커르다스 중앙고지 방면)",0,"",0,0,1,0,0,"",0
1660,"개발실",0,"",0,0,1,0,0,"",0
1661,"나오키의 방",0,"",0,0,1,0,0,"",0
1662,"음악실",0,"",0,0,1,0,0,"",0
1663,"꼬마 친구 공방전 카운터",0,"",0,0,1,0,0,"",0
1664,"더 피스트",0,"",0,0,1,0,0,"",0
1665,"카드 대결장",0,"",0,0,1,0,0,"",0
1666,"알렉산더 결절점",0,"",0,0,1,0,0,"",0
1667,"고르디우스의 매듭",0,"",0,0,1,0,0,"",0
1668,"4층  5층",0,"",0,0,1,0,0,"",0
1669,"3층",0,"",0,0,1,0,0,"",0
1670,"2층",0,"",0,0,1,0,0,"",0
1671,"1층",0,"",0,0,1,0,0,"",0
1672,"열대식물 전시실",0,"",0,0,1,0,0,"",0
1673,"건생식물 전시실",0,"",0,0,1,0,0,"",0
1674,"성 모샨의 연구동굴",0,"",0,0,1,0,0,"",0
1675,"밀림의 오솔길",0,"",0,0,1,0,0,"",0
1676,"연꽃너울 연못",0,"",0,0,1,0,0,"",0
1677,"썩은 내 정원",0,"",0,0,1,0,0,"",0
1678,"여왕벌의 옥좌",0,"",0,0,1,0,0,"",0
1679,"향기 나는 식탁",0,"",0,0,1,0,0,"",0
1680,"에테라이트 광장",0,"",0,0,1,0,0,"",0
1681,"이딜샤이어 서쪽",0,"",0,0,1,0,0,"",0
1682,"앞표지 관문(저지 드라바니아 서쪽 방면)",0,"",0,0,1,0,0,"",0
1683,"뒤표지 관문(저지 드라바니아 동쪽 방면)",0,"",0,0,1,0,0,"",0
1684,"코볼드군 지하갱도",0,"",0,0,1,0,0,"",0
1685,"1층",0,"",0,0,1,0,0,"",0
1686,"지하 1층",0,"",0,0,1,0,0,"",0
1687,"부패한 시가지",0,"",0,0,1,0,0,"",0
1688,"날개사자의 영역",0,"",0,0,1,0,0,"",0
1689,"마법수정 회랑",0,"",0,0,1,0,0,"",0
1690,"수호의 성역",0,"",0,0,1,0,0,"",0
1691,"별의 바닷가",0,"",0,0,1,0,0,"",0
1692,"최상하층",0,"",0,0,1,0,0,"",0
1693,"최하상층",0,"",0,0,1,0,0,"",0
1694,"현자의 연구실",0,"",0,0,1,0,0,"",0
1695,"은자의 오락실",0,"",0,0,1,0,0,"",0
1696,"공중 마법진",0,"",0,0,1,0,0,"",0
1697,"부유 무도장",0,"",0,0,1,0,0,"",0
1698,"별바다 전망실",0,"",0,0,1,0,0,"",0
1699,"발톱 감옥",0,"",0,0,1,0,0,"",0
1700,"송곳니 감옥",0,"",0,0,1,0,0,"",0
1701,"부패한 시가지",0,"",0,0,1,0,0,"",0
1702,"봉인된 동굴",0,"",0,0,1,0,0,"",0
1703,"마법수정 회랑",0,"",0,0,1,0,0,"",0
1704,"옛 암다포르 시가지(어려움)",0,"",0,0,1,0,0,"",0
1705,"비탄의 앞뜰",0,"",0,0,1,0,0,"",0
1706,"정적의 궁전",0,"",0,0,1,0,0,"",0
1707,"회한의 본당",0,"",0,0,1,0,0,"",0
1708,"미다스의 주먹",0,"",0,0,1,0,0,"",0
1709,"제721정비갱도",0,"",0,0,1,0,0,"",0
1710,"제334증기기관실",0,"",0,0,1,0,0,"",0
1711,"고블린 과학 연구실",0,"",0,0,1,0,0,"",0
1712,"제726정비갱도",0,"",0,0,1,0,0,"",0
1713,"초 최첨단 실험실",0,"",0,0,1,0,0,"",0
1714,"미다스의 손목",0,"",0,0,1,0,0,"",0
1715,"손목 앞쪽",0,"",0,0,1,0,0,"",0
1716,"손목 뒤쪽",0,"",0,0,1,0,0,"",0
1717,"제763정비갱도",0,"",0,0,1,0,0,"",0
1718,"제66기공병 격납고",0,"",0,0,1,0,0,"",0
1719,"제67기공병 격납고",0,"",0,0,1,0,0,"",0
1720,"제68기공병 격납고",0,"",0,0,1,0,0,"",0
1721,"제69기공병 격납고",0,"",0,0,1,0,0,"",0
1722,"제70기공병 격납고",0,"",0,0,1,0,0,"",0
1723,"미다스의 팔",0,"",0,0,1,0,0,"",0
1724,"왼쪽 상완부",0,"",0,0,1,0,0,"",0
1725,"과학도시",0,"",0,0,1,0,0,"",0
1726,"제796정비갱도",0,"",0,0,1,0,0,"",0
1727,"제5기관탑",0,"",0,0,1,0,0,"",0
1728,"과학도시 외곽",0,"",0,0,1,0,0,"",0
1729,"알렉산더 과학도시",0,"",0,0,1,0,0,"",0
1730,"공개처형 광장",0,"",0,0,1,0,0,"",0
1731,"미다스의 어깨",0,"",0,0,1,0,0,"",0
1732,"미다스의 매듭",0,"",0,0,1,0,0,"",0
1733,"영광의 전진기지",0,"",0,0,1,0,0,"",0
1734,"부엉이 둥지터",0,"",0,0,1,0,0,"",0
1735,"검은미늘 호숫가",0,"",0,0,1,0,0,"",0
1736,"영광의 발굴지",0,"",0,0,1,0,0,"",0
1737,"알라그 석탑 S1호기",0,"",0,0,1,0,0,"",0
1738,"알라그 석탑 S2호기",0,"",0,0,1,0,0,"",0
1739,"알라그 석탑 S3호기",0,"",0,0,1,0,0,"",0
1740,"영광의 평원",0,"",0,0,1,0,0,"",0
1741,"난파선의 섬(어려움)",0,"",0,0,1,0,0,"",0
1742,"금기도시 마하",0,"",0,0,1,0,0,"",0
1743,"야펨 습지",0,"",0,0,1,0,0,"",0
1744,"마하 도시유적",0,"",0,0,1,0,0,"",0
1745,"피라미드 하층부",0,"",0,0,1,0,0,"",0
1746,"피라미드 상층부",0,"",0,0,1,0,0,"",0
1747,"압축세계",0,"",0,0,1,0,0,"",0
1748,"피라미드 최상층",0,"",0,0,1,0,0,"",0
1749,"부정한 습지",0,"",0,0,1,0,0,"",0
1750,"습지 오솔길",0,"",0,0,1,0,0,"",0
1751,"마하 시가지",0,"",0,0,1,0,0,"",0
1752,"피라미드 육교",0,"",0,0,1,0,0,"",0
1753,"중앙 통로",0,"",0,0,1,0,0,"",0
1754,"경비 통로",0,"",0,0,1,0,0,"",0
1755,"괴구체 전시관",0,"",0,0,1,0,0,"",0
1756,"압축세계",0,"",0,0,1,0,0,"",0
1757,"상승 통로",0,"",0,0,1,0,0,"",0
1758,"",0,"",0,0,0,0,0,"",0
1759,"",0,"",0,0,0,0,0,"",0
1760,"거미 여왕의 사냥터",0,"",0,0,1,0,0,"",0
1761,"퀘사르 공원",0,"",0,0,1,0,0,"",0
1762,"샤토토 기념광장",0,"",0,0,1,0,0,"",0
1763,"신탁의 제단",0,"",0,0,1,0,0,"",0
1764,"요마 조종 관문",0,"",0,0,1,0,0,"",0
1765,"오즈마 대회랑",0,"",0,0,1,0,0,"",0
1766,"쐐기 안치소",0,"",0,0,1,0,0,"",0
1767,"슬픔의 뜰",0,"",0,0,1,0,0,"",0
1768,"기도의 신랑",0,"",0,0,1,0,0,"",0
1769,"추억의 주춧돌",0,"",0,0,1,0,0,"",0
1770,"한탄의 정원",0,"",0,0,1,0,0,"",0
1771,"라타토스크 전당",0,"",0,0,1,0,0,"",0
1772,"군용야수 훈련 구역",0,"",0,0,1,0,0,"",0
1773,"행군 훈련 구역",0,"",0,0,1,0,0,"",0
1774,"해상 훈련 구역",0,"",0,0,1,0,0,"",0
1775,"흑와 투기장",0,"",0,0,1,0,0,"",0
1776,"보물고 입구",0,"",0,0,1,0,0,"",0
1777,"제1구역",0,"",0,0,1,0,0,"",0
1778,"제2구역",0,"",0,0,1,0,0,"",0
1779,"제3구역",0,"",0,0,1,0,0,"",0
1780,"제4구역",0,"",0,0,1,0,0,"",0
1781,"제5구역",0,"",0,0,1,0,0,"",0
1782,"제6구역",0,"",0,0,1,0,0,"",0
1783,"최종구역",0,"",0,0,1,0,0,"",0
1784,"가운데층",0,"",0,0,1,0,0,"",0
1785,"최상층",0,"",0,0,1,0,0,"",0
1786,"대협곡 험로",0,"",0,0,1,0,0,"",0
1787,"타팍솔리 거주지",0,"",0,0,1,0,0,"",0
1788,"젤파톨 산기슭",0,"",0,0,1,0,0,"",0
1789,"거주지 입구",0,"",0,0,1,0,0,"",0
1790,"타팍솔리 투기장",0,"",0,0,1,0,0,"",0
1791,"접신 제단",0,"",0,0,1,0,0,"",0
1792,"젤파톨",0,"",0,0,1,0,0,"",0
1793,"망자의 궁전",0,"",0,0,1,0,0,"",0
1794,"개인 훈련장",0,"",0,0,1,0,0,"",0
1795,"희귀서고 접수처",0,"",0,0,1,0,0,"",0
1796,"단상열람실",0,"",0,0,1,0,0,"",0
1797,"사서장실",0,"",0,0,1,0,0,"",0
1798,"사상희귀서고",0,"",0,0,1,0,0,"",0
1799,"아쿠아폴리스",0,"",0,0,1,0,0,"",0
1800,"쌍사당 막사",0,"",0,0,1,0,0,"",0
1801,"불멸대 막사",0,"",0,0,1,0,0,"",0
1802,"흑와단 막사",0,"",0,0,1,0,0,"",0
1803,"가두리 계류기지",0,"",0,0,1,0,0,"",0
1804,"레오파드의 방",0,"",0,0,1,0,0,"",0
1805,"중층 돛대",0,"",0,0,1,0,0,"",0
1806,"[확장 구역] 중층 돛대",0,"",0,0,1,0,0,"",0
1807,"백합 언덕",0,"",0,0,1,0,0,"",0
1808,"[확장 구역] 백합 언덕",0,"",0,0,1,0,0,"",0
1809,"나나모 대풍차",0,"",0,0,1,0,0,"",0
1810,"[확장 구역] 나나모 대풍차",0,"",0,0,1,0,0,"",0
1811,"중층 돛대 로비",0,"",0,0,1,0,0,"",0
1812,"중층 돛대 개인실",0,"",0,0,1,0,0,"",0
1813,"백합 언덕 로비",0,"",0,0,1,0,0,"",0
1814,"백합 언덕 개인실",0,"",0,0,1,0,0,"",0
1815,"나나모 대풍차 로비",0,"",0,0,1,0,0,"",0
1816,"나나모 대풍차 개인실",0,"",0,0,1,0,0,"",0
1817,"001호실",0,"",0,0,1,0,0,"",0
1818,"002호실",0,"",0,0,1,0,0,"",0
1819,"003호실",0,"",0,0,1,0,0,"",0
1820,"004호실",0,"",0,0,1,0,0,"",0
1821,"005호실",0,"",0,0,1,0,0,"",0
1822,"006호실",0,"",0,0,1,0,0,"",0
1823,"107호실",0,"",0,0,1,0,0,"",0
1824,"108호실",0,"",0,0,1,0,0,"",0
1825,"106호실",0,"",0,0,1,0,0,"",0
1826,"101호실",0,"",0,0,1,0,0,"",0
1827,"105호실",0,"",0,0,1,0,0,"",0
1828,"103호실",0,"",0,0,1,0,0,"",0
1829,"104호실",0,"",0,0,1,0,0,"",0
1830,"102호실",0,"",0,0,1,0,0,"",0
1831,"201호실",0,"",0,0,1,0,0,"",0
1832,"202호실",0,"",0,0,1,0,0,"",0
1833,"집주인의 방",0,"",0,0,1,0,0,"",0
1834,"유령의 집",0,"",0,0,1,0,0,"",0
1835,"알렉산더의 눈",0,"",0,0,1,0,0,"",0
1836,"살리아크의 물병",0,"",0,0,1,0,0,"",0
1837,"알렉산더의 머리",0,"",0,0,1,0,0,"",0
1838,"미다스 유닛",0,"",0,0,1,0,0,"",0
1839,"머리 갑판",0,"",0,0,1,0,0,"",0
1840,"재생처리실",0,"",0,0,1,0,0,"",0
1841,"알렉산더의 숨결",0,"",0,0,1,0,0,"",0
1842,"공개처형탑",0,"",0,0,1,0,0,"",0
1843,"과학도시 4번가",0,"",0,0,1,0,0,"",0
1844,"과학도시 11번가",0,"",0,0,1,0,0,"",0
1845,"공개처형탑 앞",0,"",0,0,1,0,0,"",0
1846,"과학적 만능처형장",0,"",0,0,1,0,0,"",0
1847,"알렉산더의 심장",0,"",0,0,1,0,0,"",0
1848,"중추 상층",0,"",0,0,1,0,0,"",0
1849,"중추 하층",0,"",0,0,1,0,0,"",0
1850,"핵 제조 라인",0,"",0,0,1,0,0,"",0
1851,"에너지 공급 라인",0,"",0,0,1,0,0,"",0
1852,"중추 대동력실",0,"",0,0,1,0,0,"",0
1853,"알렉산더의 영혼",0,"",0,0,1,0,0,"",0
1854,"과거 공간",0,"",0,0,1,0,0,"",0
1855,"중앙 관제실",0,"",0,0,1,0,0,"",0
1856,"",0,"",0,0,0,0,0,"",0
1857,"",0,"",0,0,0,0,0,"",0
1858,"",0,"",0,0,0,0,0,"",0
1859,"",0,"",0,0,0,0,0,"",0
1860,"",0,"",0,0,0,0,0,"",0
1861,"",0,"",0,0,0,0,0,"",0
1862,"",0,"",0,0,0,0,0,"",0
1863,"",0,"",0,0,0,0,0,"",0
1864,"",0,"",0,0,0,0,0,"",0
1865,"",0,"",0,0,0,0,0,"",0
1866,"",0,"",0,0,0,0,0,"",0
1867,"",0,"",0,0,0,0,0,"",0
1868,"",0,"",0,0,0,0,0,"",0
1869,"",0,"",0,0,0,0,0,"",0
1870,"",0,"",0,0,0,0,0,"",0
1871,"",0,"",0,0,0,0,0,"",0
1872,"",0,"",0,0,0,0,0,"",0
1873,"",0,"",0,0,0,0,0,"",0
1874,"",0,"",0,0,0,0,0,"",0
1875,"",0,"",0,0,0,0,0,"",0
1876,"",0,"",0,0,0,0,0,"",0
1877,"",0,"",0,0,0,0,0,"",0
1878,"",0,"",0,0,0,0,0,"",0
1879,"",0,"",0,0,0,0,0,"",0
1880,"",0,"",0,0,0,0,0,"",0
1881,"",0,"",0,0,0,0,0,"",0
1882,"",0,"",0,0,0,0,0,"",0
1883,"",0,"",0,0,0,0,0,"",0
1884,"",0,"",0,0,0,0,0,"",0
1885,"",0,"",0,0,0,0,0,"",0
1886,"",0,"",0,0,0,0,0,"",0
1887,"",0,"",0,0,0,0,0,"",0
1888,"",0,"",0,0,0,0,0,"",0
1889,"",0,"",0,0,0,0,0,"",0
1890,"",0,"",0,0,0,0,0,"",0
1891,"",0,"",0,0,0,0,0,"",0
1892,"",0,"",0,0,0,0,0,"",0
1893,"",0,"",0,0,0,0,0,"",0
1894,"",0,"",0,0,0,0,0,"",0
1895,"",0,"",0,0,0,0,0,"",0
1896,"",0,"",0,0,0,0,0,"",0
1897,"",0,"",0,0,0,0,0,"",0
1898,"",0,"",0,0,0,0,0,"",0
1899,"",0,"",0,0,0,0,0,"",0
1900,"",0,"",0,0,0,0,0,"",0
1901,"",0,"",0,0,0,0,0,"",0
1902,"",0,"",0,0,0,0,0,"",0
1903,"",0,"",0,0,0,0,0,"",0
1904,"",0,"",0,0,0,0,0,"",0
1905,"",0,"",0,0,0,0,0,"",0
1906,"",0,"",0,0,0,0,0,"",0
1907,"",0,"",0,0,0,0,0,"",0
1908,"",0,"",0,0,0,0,0,"",0
1909,"",0,"",0,0,0,0,0,"",0
1910,"",0,"",0,0,0,0,0,"",0
1911,"",0,"",0,0,0,0,0,"",0
1912,"",0,"",0,0,0,0,0,"",0
1913,"",0,"",0,0,0,0,0,"",0
1914,"",0,"",0,0,0,0,0,"",0
1915,"",0,"",0,0,0,0,0,"",0
1916,"",0,"",0,0,0,0,0,"",0
1917,"",0,"",0,0,0,0,0,"",0
1918,"",0,"",0,0,0,0,0,"",0
1919,"",0,"",0,0,0,0,0,"",0
1920,"",0,"",0,0,0,0,0,"",0
1921,"",0,"",0,0,0,0,0,"",0
1922,"",0,"",0,0,0,0,0,"",0
1923,"",0,"",0,0,0,0,0,"",0
1924,"",0,"",0,0,0,0,0,"",0
1925,"",0,"",0,0,0,0,0,"",0
1926,"",0,"",0,0,0,0,0,"",0
1927,"",0,"",0,0,0,0,0,"",0
1928,"",0,"",0,0,0,0,0,"",0
1929,"",0,"",0,0,0,0,0,"",0
1930,"",0,"",0,0,0,0,0,"",0
1931,"",0,"",0,0,0,0,0,"",0
1932,"",0,"",0,0,0,0,0,"",0
1933,"",0,"",0,0,0,0,0,"",0
1934,"",0,"",0,0,0,0,0,"",0
1935,"",0,"",0,0,0,0,0,"",0
1936,"",0,"",0,0,0,0,0,"",0
1937,"",0,"",0,0,0,0,0,"",0
1938,"",0,"",0,0,0,0,0,"",0
1939,"",0,"",0,0,0,0,0,"",0
1940,"",0,"",0,0,0,0,0,"",0
1941,"",0,"",0,0,0,0,0,"",0
1942,"",0,"",0,0,0,0,0,"",0
1943,"",0,"",0,0,0,0,0,"",0
1944,"",0,"",0,0,0,0,0,"",0
1945,"",0,"",0,0,0,0,0,"",0
1946,"",0,"",0,0,0,0,0,"",0
1947,"",0,"",0,0,0,0,0,"",0
1948,"",0,"",0,0,0,0,0,"",0
1949,"",0,"",0,0,0,0,0,"",0
1950,"",0,"",0,0,0,0,0,"",0
1951,"",0,"",0,0,0,0,0,"",0
1952,"",0,"",0,0,0,0,0,"",0
1953,"",0,"",0,0,0,0,0,"",0
1954,"",0,"",0,0,0,0,0,"",0
1955,"",0,"",0,0,0,0,0,"",0
1956,"",0,"",0,0,0,0,0,"",0
1957,"",0,"",0,0,0,0,0,"",0
1958,"",0,"",0,0,0,0,0,"",0
1959,"",0,"",0,0,0,0,0,"",0
1960,"",0,"",0,0,0,0,0,"",0
1961,"",0,"",0,0,0,0,0,"",0
1962,"",0,"",0,0,0,0,0,"",0
1963,"",0,"",0,0,0,0,0,"",0
1964,"",0,"",0,0,0,0,0,"",0
1965,"",0,"",0,0,0,0,0,"",0
1966,"",0,"",0,0,0,0,0,"",0
1967,"",0,"",0,0,0,0,0,"",0
1968,"",0,"",0,0,0,0,0,"",0
1969,"",0,"",0,0,0,0,0,"",0
1970,"",0,"",0,0,0,0,0,"",0
1971,"",0,"",0,0,0,0,0,"",0
1972,"",0,"",0,0,0,0,0,"",0
1973,"",0,"",0,0,0,0,0,"",0
1974,"",0,"",0,0,0,0,0,"",0
1975,"",0,"",0,0,0,0,0,"",0
1976,"",0,"",0,0,0,0,0,"",0
1977,"",0,"",0,0,0,0,0,"",0
1978,"",0,"",0,0,0,0,0,"",0
1979,"",0,"",0,0,0,0,0,"",0
1980,"",0,"",0,0,0,0,0,"",0
1981,"",0,"",0,0,0,0,0,"",0
1982,"",0,"",0,0,0,0,0,"",0
1983,"",0,"",0,0,0,0,0,"",0
1984,"",0,"",0,0,0,0,0,"",0
1985,"",0,"",0,0,0,0,0,"",0
1986,"",0,"",0,0,0,0,0,"",0
1987,"",0,"",0,0,0,0,0,"",0
1988,"",0,"",0,0,0,0,0,"",0
1989,"",0,"",0,0,0,0,0,"",0
1990,"",0,"",0,0,0,0,0,"",0
1991,"",0,"",0,0,0,0,0,"",0
1992,"",0,"",0,0,0,0,0,"",0
1993,"",0,"",0,0,0,0,0,"",0
1994,"",0,"",0,0,0,0,0,"",0
1995,"",0,"",0,0,0,0,0,"",0
1996,"",0,"",0,0,0,0,0,"",0
1997,"",0,"",0,0,0,0,0,"",0
1998,"",0,"",0,0,0,0,0,"",0
1999,"",0,"",0,0,0,0,0,"",0
2000,"고지 드라바니아",0,"",0,0,1,0,0,"",0
2001,"저지 드라바니아",0,"",0,0,1,0,0,"",0
2002,"드라바니아 구름바다",0,"",0,0,1,0,0,"",0
2003,"초코보 숲",0,"",0,0,1,0,0,"",0
2004,"연기 황야",0,"",0,0,1,0,0,"",0
2005,"그나스의 토굴집",0,"",0,0,1,0,0,"",0
2006,"쇠락한 아발로니아",0,"",0,0,1,0,0,"",0
2007,"솜 알 산기슭",0,"",0,0,1,0,0,"",0
2008,"애도의 바위굴",0,"",0,0,1,0,0,"",0
2009,"예술의 거리",0,"",0,0,1,0,0,"",0
2010,"심사의 거리",0,"",0,0,1,0,0,"",0
2011,"철학의 거리",0,"",0,0,1,0,0,"",0
2012,"솜 알 멧부리",0,"",0,0,1,0,0,"",0
2013,"에일 톰",0,"",0,0,1,0,0,"",0
2014,"지상왕의 영지",0,"",0,0,1,0,0,"",0
2015,"네 기둥 광장",0,"",0,0,1,0,0,"",0
2016,"올 탄",0,"",0,0,1,0,0,"",0
2017,"잔디섬",0,"",0,0,1,0,0,"",0
2018,"꼬리깃 마을",0,"",0,0,1,0,0,"",0
2019,"비탄의 폭포",0,"",0,0,1,0,0,"",0
2020,"지난날 강",0,"",0,0,1,0,0,"",0
2021,"바스의 토굴집",0,"",0,0,1,0,0,"",0
2022,"사룡상",0,"",0,0,1,0,0,"",0
2023,"병정굴",0,"",0,0,1,0,0,"",0
2024,"무신굴",0,"",0,0,1,0,0,"",0
2025,"부정한 삼탑",0,"",0,0,1,0,0,"",0
2026,"",0,"",0,0,0,0,0,"",0
2027,"대너 가도",0,"",0,0,1,0,0,"",0
2028,"에스 다이",0,"",0,0,1,0,0,"",0
2029,"용의 식탁",0,"",0,0,1,0,0,"",0
2030,"빛무리 제단",0,"",0,0,1,0,0,"",0
2031,"솜 알",0,"",0,0,1,0,0,"",0
2032,"대공방",0,"",0,0,1,0,0,"",0
2033,"창조의 길",0,"",0,0,1,0,0,"",0
2034,"성 모샨 식물원",0,"",0,0,1,0,0,"",0
2035,"급류 삼각주",0,"",0,0,1,0,0,"",0
2036,"마토야의 동굴",0,"",0,0,1,0,0,"",0
2037,"석학의 길",0,"",0,0,1,0,0,"",0
2038,"구브라 환상도서관",0,"",0,0,1,0,0,"",0
2039,"살리아크 강",0,"",0,0,1,0,0,"",0
2040,"살리아크의 물병",0,"",0,0,1,0,0,"",0
2041,"기공성 알렉산더",0,"",0,0,1,0,0,"",0
2042,"모그모그 고향",0,"",0,0,1,0,0,"",0
2043,"편지집",0,"",0,0,1,0,0,"",0
2044,"스도엔",0,"",0,0,1,0,0,"",0
2045,"아사 구름다리",0,"",0,0,1,0,0,"",0
2046,"하얀 궁전",0,"",0,0,1,0,0,"",0
2047,"비룡 착륙지",0,"",0,0,1,0,0,"",0
2048,"살 움 카쉬",0,"",0,0,1,0,0,"",0
2049,"동쪽 감시탑",0,"",0,0,1,0,0,"",0
2050,"용의 둥지",0,"",0,0,1,0,0,"",0
2051,"성녀 시바 상",0,"",0,0,1,0,0,"",0
2052,"학문의 거리",0,"",0,0,1,0,0,"",0
2053,"살금걸음 오솔길",0,"",0,0,1,0,0,"",0
2054,"수사슴 다리",0,"",0,0,1,0,0,"",0
2055,"어미의 맹세 유적",0,"",0,0,1,0,0,"",0
2056,"",0,"",0,0,0,0,0,"",0
2057,"",0,"",0,0,0,0,0,"",0
2058,"",0,"",0,0,0,0,0,"",0
2059,"",0,"",0,0,0,0,0,"",0
2060,"",0,"",0,0,0,0,0,"",0
2061,"부정한 마을",0,"",0,0,1,0,0,"",0
2062,"",0,"",0,0,0,0,0,"",0
2063,"",0,"",0,0,0,0,0,"",0
2064,"아네스 소",0,"",0,0,1,0,0,"",0
2065,"돌칼기둥 벼랑",0,"",0,0,1,0,0,"",0
2066,"대현자 기념비",0,"",0,0,1,0,0,"",0
2067,"유격수 야영지",0,"",0,0,1,0,0,"",0
2068,"온 원생림",0,"",0,0,1,0,0,"",0
2069,"묵상의 길",0,"",0,0,1,0,0,"",0
2070,"아술론 옛터",0,"",0,0,1,0,0,"",0
2071,"",0,"",0,0,0,0,0,"",0
2072,"",0,"",0,0,0,0,0,"",0
2073,"확신의 길",0,"",0,0,1,0,0,"",0
2074,"구브라 산",0,"",0,0,1,0,0,"",0
2075,"외톨이 나무",0,"",0,0,1,0,0,"",0
2076,"그론 레이",0,"",0,0,1,0,0,"",0
2077,"으뜸 나무",0,"",0,0,1,0,0,"",0
2078,"남쪽 성벽",0,"",0,0,1,0,0,"",0
2079,"서쪽 샘",0,"",0,0,1,0,0,"",0
2080,"지상왕 상",0,"",0,0,1,0,0,"",0
2081,"무신의 투기장",0,"",0,0,1,0,0,"",0
2082,"이딜샤이어",0,"",0,0,1,0,0,"",0
2083,"공물 구멍",0,"",0,0,1,0,0,"",0
2084,"앞표지 다리",0,"",0,0,1,0,0,"",0
2085,"뒤표지 다리",0,"",0,0,1,0,0,"",0
2086,"대현자 기념비",0,"",0,0,1,0,0,"",0
2087,"에테라이트 광장",0,"",0,0,1,0,0,"",0
2088,"거꾸로 선 탑",0,"",0,0,1,0,0,"",0
2089,"돌하늘바다",0,"",0,0,1,0,0,"",0
2090,"소르 카이",0,"",0,0,1,0,0,"",0
2091,"구브라 환상도서관(어려움)",0,"",0,0,1,0,0,"",0
2092,"스틱킥스의 공방",0,"",0,0,1,0,0,"",0
2093,"로웨나 종합문화회관",0,"",0,0,1,0,0,"",0
2094,"자유시장",0,"",0,0,1,0,0,"",0
2095,"바르 레스 광장",0,"",0,0,1,0,0,"",0
2096,"벼랑 끝 주점",0,"",0,0,1,0,0,"",0
2097,"",0,"",0,0,0,0,0,"",0
2098,"",0,"",0,0,0,0,0,"",0
2099,"",0,"",0,0,0,0,0,"",0
2100,"아발라시아 구름바다",0,"",0,0,1,0,0,"",0
2101,"아지스 라",0,"",0,0,1,0,0,"",0
2102,"구름마루",0,"",0,0,1,0,0,"",0
2103,"부르 시안시란",0,"",0,0,1,0,0,"",0
2104,"분두 오크 벤두",0,"",0,0,1,0,0,"",0
2105,"푸른하늘 창",0,"",0,0,1,0,0,"",0
2106,"수난의 섬",0,"",0,0,1,0,0,"",0
2107,"오크 분두 바나",0,"",0,0,1,0,0,"",0
2108,"오크 분두 모크",0,"",0,0,1,0,0,"",0
2109,"알파 구역",0,"",0,0,1,0,0,"",0
2110,"베타 구역",0,"",0,0,1,0,0,"",0
2111,"감마 구역",0,"",0,0,1,0,0,"",0
2112,"델타 구역",0,"",0,0,1,0,0,"",0
2113,"생태공원",0,"",0,0,1,0,0,"",0
2114,"아지스 라 기함섬",0,"",0,0,1,0,0,"",0
2115,"수호자호",0,"",0,0,1,0,0,"",0
2116,"구름마루 초소",0,"",0,0,1,0,0,"",0
2117,"장미의 집",0,"",0,0,1,0,0,"",0
2118,"오크 군두",0,"",0,0,1,0,0,"",0
2119,"철새 보금자리",0,"",0,0,1,0,0,"",0
2120,"구름웅덩이",0,"",0,0,1,0,0,"",0
2121,"웅변가 벤두의 집",0,"",0,0,1,0,0,"",0
2122,"흰고래 왕관",0,"",0,0,1,0,0,"",0
2123,"오크 준두",0,"",0,0,1,0,0,"",0
2124,"오크 분두",0,"",0,0,1,0,0,"",0
2125,"떨어진 깃털의 집",0,"",0,0,1,0,0,"",0
2126,"환상열석",0,"",0,0,1,0,0,"",0
2127,"헤느거의 도가니",0,"",0,0,1,0,0,"",0
2128,"찬바람섬",0,"",0,0,1,0,0,"",0
2129,"모크 우글 섬",0,"",0,0,1,0,0,"",0
2130,"거두지 않는 섬",0,"",0,0,1,0,0,"",0
2131,"나선 발착장",0,"",0,0,1,0,0,"",0
2132,"알파 교신탑",0,"",0,0,1,0,0,"",0
2133,"에테르 공급시설",0,"",0,0,1,0,0,"",0
2134,"제II전송고리",0,"",0,0,1,0,0,"",0
2135,"제III전송고리",0,"",0,0,1,0,0,"",0
2136,"생체 배양소",0,"",0,0,1,0,0,"",0
2137,"돌연변이 실험장",0,"",0,0,1,0,0,"",0
2138,"제IV전송고리",0,"",0,0,1,0,0,"",0
2139,"제V전송고리",0,"",0,0,1,0,0,"",0
2140,"비공전함 그라티온",0,"",0,0,1,0,0,"",0
2141,"비공전함 착륙 지점",0,"",0,0,1,0,0,"",0
2142,"카스트룸 솔루스",0,"",0,0,1,0,0,"",0
2143,"제VI전송고리",0,"",0,0,1,0,0,"",0
2144,"제VII전송고리",0,"",0,0,1,0,0,"",0
2145,"반려자의 책형대",0,"",0,0,1,0,0,"",0
2146,"에쉬 톰",0,"",0,0,1,0,0,"",0
2147,"마과학 연구소",0,"",0,0,1,0,0,"",0
2148,"무한연속 박물함",0,"",0,0,1,0,0,"",0
2149,"신경연결기관",0,"",0,0,1,0,0,"",0
2150,"특이점 반응기관",0,"",0,0,1,0,0,"",0
2151,"쪽빛 성역",0,"",0,0,1,0,0,"",0
2152,"마지막 발걸음",0,"",0,0,1,0,0,"",0
2153,"들소 벌판",0,"",0,0,1,0,0,"",0
2154,"물안개 폭포",0,"",0,0,1,0,0,"",0
2155,"",0,"",0,0,0,0,0,"",0
2156,"티끌점괘 곶",0,"",0,0,1,0,0,"",0
2157,"",0,"",0,0,0,0,0,"",0
2158,"",0,"",0,0,0,0,0,"",0
2159,"부서진 등뼈",0,"",0,0,1,0,0,"",0
2160,"기원의 섬",0,"",0,0,1,0,0,"",0
2161,"크리스탈 증식로",0,"",0,0,1,0,0,"",0
2162,"종합 냉각소",0,"",0,0,1,0,0,"",0
2163,"",0,"",0,0,0,0,0,"",0
2164,"키메라 생성 연구소",0,"",0,0,1,0,0,"",0
2165,"",0,"",0,0,0,0,0,"",0
2166,"생태공원 관리국",0,"",0,0,1,0,0,"",0
2167,"",0,"",0,0,0,0,0,"",0
2168,"",0,"",0,0,0,0,0,"",0
2169,"",0,"",0,0,0,0,0,"",0
2170,"고대 대성당",0,"",0,0,1,0,0,"",0
2171,"",0,"",0,0,0,0,0,"",0
2172,"델타 수도국",0,"",0,0,1,0,0,"",0
2173,"큰갓털나무",0,"",0,0,1,0,0,"",0
2174,"삼투신 상",0,"",0,0,1,0,0,"",0
2175,"격리실험장",0,"",0,0,1,0,0,"",0
2176,"기동보급함",0,"",0,0,1,0,0,"",0
2177,"초성간교신탑",0,"",0,0,1,0,0,"",0
2178,"특이점 반응기관",0,"",0,0,1,0,0,"",0
2179,"마대륙 중추부",0,"",0,0,1,0,0,"",0
2180,"잔해섬",0,"",0,0,1,0,0,"",0
2181,"보이드의 방주",0,"",0,0,1,0,0,"",0
2182,"선미루 갑판",0,"",0,0,1,0,0,"",0
2183,"후방 갑판",0,"",0,0,1,0,0,"",0
2184,"좌현 환기 구역",0,"",0,0,1,0,0,"",0
2185,"우량종 보관고",0,"",0,0,1,0,0,"",0
2186,"선내 마도 통로",0,"",0,0,1,0,0,"",0
2187,"동력 구역",0,"",0,0,1,0,0,"",0
2188,"주 요마 동력로",0,"",0,0,1,0,0,"",0
2189,"야수의 보금자리",0,"",0,0,1,0,0,"",0
2190,"좌현 후방 환기실",0,"",0,0,1,0,0,"",0
2191,"좌현 전방 환기실",0,"",0,0,1,0,0,"",0
2192,"개량종 배양실",0,"",0,0,1,0,0,"",0
2193,"중앙 마도 통로",0,"",0,0,1,0,0,"",0
2194,"동력 조정소",0,"",0,0,1,0,0,"",0
2195,"여왕의 침소",0,"",0,0,1,0,0,"",0
2196,"상부 갑판",0,"",0,0,1,0,0,"",0
2197,"선창",0,"",0,0,1,0,0,"",0
2198,"선수루",0,"",0,0,1,0,0,"",0
2199,"제2갑판",0,"",0,0,1,0,0,"",0
2200,"커르다스 서부고지",0,"",0,0,1,0,0,"",0
2201,"맞가람 골짜기",0,"",0,0,1,0,0,"",0
2202,"쌍둥이 연못",0,"",0,0,1,0,0,"",0
2203,"붉은 가장자리",0,"",0,0,1,0,0,"",0
2204,"매의 보금자리",0,"",0,0,1,0,0,"",0
2205,"커르다스 강",0,"",0,0,1,0,0,"",0
2206,"빠른물살 강",0,"",0,0,1,0,0,"",0
2207,"고르가뉴 목장",0,"",0,0,1,0,0,"",0
2208,"솔송나무 마을",0,"",0,0,1,0,0,"",0
2209,"맞가람 야영지",0,"",0,0,1,0,0,"",0
2210,"죽음의 호수",0,"",0,0,1,0,0,"",0
2211,"잿빛 호수",0,"",0,0,1,0,0,"",0
2212,"용이 잠든 섬",0,"",0,0,1,0,0,"",0
2213,"예티 서식지",0,"",0,0,1,0,0,"",0
2214,"어스름 요새",0,"",0,0,1,0,0,"",0
2215,"할드라스 상",0,"",0,0,1,0,0,"",0
2216,"모루탑",0,"",0,0,1,0,0,"",0
2217,"회색꼬리 폭포",0,"",0,0,1,0,0,"",0
2218,"이단자의 갱도",0,"",0,0,1,0,0,"",0
2219,"점판암 산맥",0,"",0,0,1,0,0,"",0
2220,"성 피네아 연대 야영지",0,"",0,0,1,0,0,"",0
2221,"흑철교",0,"",0,0,1,0,0,"",0
2222,"아홉째 홀장",0,"",0,0,1,0,0,"",0
2223,"고르가뉴 목초지",0,"",0,0,1,0,0,"",0
2224,"북녘별호",0,"",0,0,1,0,0,"",0
2225,"뱃밥 나루터",0,"",0,0,1,0,0,"",0
2226,"",0,"",0,0,0,0,0,"",0
2227,"용숨결 온천",0,"",0,0,1,0,0,"",0
2228,"감시자의 뼈",0,"",0,0,1,0,0,"",0
2229,"",0,"",0,0,0,0,0,"",0
2230,"",0,"",0,0,0,0,0,"",0
2231,"",0,"",0,0,0,0,0,"",0
2232,"",0,"",0,0,0,0,0,"",0
2233,"",0,"",0,0,0,0,0,"",0
2234,"",0,"",0,0,0,0,0,"",0
2235,"",0,"",0,0,0,0,0,"",0
2236,"",0,"",0,0,0,0,0,"",0
2237,"창협곡 관문",0,"",0,0,1,0,0,"",0
2238,"부름바위",0,"",0,0,1,0,0,"",0
2239,"선미 회랑",0,"",0,0,1,0,0,"",0
2240,"나키 섬",0,"",0,0,1,0,0,"",0
2241,"북서 해역",0,"",0,0,1,0,0,"",0
2242,"북동 해역",0,"",0,0,1,0,0,"",0
2243,"남서 해역",0,"",0,0,1,0,0,"",0
2244,"남동 해역",0,"",0,0,1,0,0,"",0
2245,"하늘의 왕관",0,"",0,0,1,0,0,"",0
2246,"제6착륙지점",0,"",0,0,1,0,0,"",0
2247,"제7착륙지점",0,"",0,0,1,0,0,"",0
2248,"제8착륙지점",0,"",0,0,1,0,0,"",0
2249,"제9착륙지점",0,"",0,0,1,0,0,"",0
2250,"제1착륙지점",0,"",0,0,1,0,0,"",0
2251,"제2착륙지점",0,"",0,0,1,0,0,"",0
2252,"제3착륙지점",0,"",0,0,1,0,0,"",0
2253,"제4착륙지점",0,"",0,0,1,0,0,"",0
2254,"제5착륙지점",0,"",0,0,1,0,0,"",0
2255,"풍요호 좌초 지점",0,"",0,0,1,0,0,"",0
2256,"봉쇄구역 S1T7",0,"",0,0,1,0,0,"",0
2257,"디아뎀 제도 수원지",0,"",0,0,1,0,0,"",0
2258,"디아뎀 제도 동굴",0,"",0,0,1,0,0,"",0
2259,"디아뎀 제도 남서쪽 연못",0,"",0,0,1,0,0,"",0
2260,"디아뎀 제도 숨은 명당",0,"",0,0,1,0,0,"",0
2261,"디아뎀 제도 북서쪽 연못",0,"",0,0,1,0,0,"",0
2262,"바람이 지나는 구름바다",0,"",0,0,1,0,0,"",0
2263,"바람이 온화한 구름바다",0,"",0,0,1,0,0,"",0
2264,"바람이 휘도는 구름바다",0,"",0,0,1,0,0,"",0
2265,"봉쇄구역 P1T6",0,"",0,0,1,0,0,"",0
2266,"",0,"",0,0,0,0,0,"",0
2267,"",0,"",0,0,0,0,0,"",0
2268,"",0,"",0,0,0,0,0,"",0
2269,"",0,"",0,0,0,0,0,"",0
2270,"",0,"",0,0,0,0,0,"",0
2271,"",0,"",0,0,0,0,0,"",0
2272,"",0,"",0,0,0,0,0,"",0
2273,"",0,"",0,0,0,0,0,"",0
2274,"",0,"",0,0,0,0,0,"",0
2275,"",0,"",0,0,0,0,0,"",0
2276,"",0,"",0,0,0,0,0,"",0
2277,"",0,"",0,0,0,0,0,"",0
2278,"",0,"",0,0,0,0,0,"",0
2279,"",0,"",0,0,0,0,0,"",0
2280,"",0,"",0,0,0,0,0,"",0
2281,"",0,"",0,0,0,0,0,"",0
2282,"",0,"",0,0,0,0,0,"",0
2283,"",0,"",0,0,0,0,0,"",0
2284,"",0,"",0,0,0,0,0,"",0
2285,"",0,"",0,0,0,0,0,"",0
2286,"",0,"",0,0,0,0,0,"",0
2287,"",0,"",0,0,0,0,0,"",0
2288,"",0,"",0,0,0,0,0,"",0
2289,"",0,"",0,0,0,0,0,"",0
2290,"",0,"",0,0,0,0,0,"",0
2291,"",0,"",0,0,0,0,0,"",0
2292,"",0,"",0,0,0,0,0,"",0
2293,"",0,"",0,0,0,0,0,"",0
2294,"",0,"",0,0,0,0,0,"",0
2295,"",0,"",0,0,0,0,0,"",0
2296,"",0,"",0,0,0,0,0,"",0
2297,"",0,"",0,0,0,0,0,"",0
2298,"",0,"",0,0,0,0,0,"",0
2299,"",0,"",0,0,0,0,0,"",0
2300,"이슈가르드 하층",0,"",0,0,1,0,0,"",0
2301,"이슈가르드 상층",0,"",0,0,1,0,0,"",0
2302,"성도의 문",0,"",0,0,1,0,0,"",0
2303,"에테라이트 광장",0,"",0,0,1,0,0,"",0
2304,"성 발루아양 광장",0,"",0,0,1,0,0,"",0
2305,"성 레네트 광장",0,"",0,0,1,0,0,"",0
2306,"성 발루아양 거리",0,"",0,0,1,0,0,"",0
2307,"청빈의 개선문",0,"",0,0,1,0,0,"",0
2308,"할로네의 자비",0,"",0,0,1,0,0,"",0
2309,"구름안개 거리",0,"",0,0,1,0,0,"",0
2310,"여인숙 '아홉 구름'",0,"",0,0,1,0,0,"",0
2311,"잊힌 기사 주점",0,"",0,0,1,0,0,"",0
2312,"신전기사단 본부",0,"",0,0,1,0,0,"",0
2313,"나풀깃 투기장",0,"",0,0,1,0,0,"",0
2314,"하늘강철 기공방",0,"",0,0,1,0,0,"",0
2315,"초코보 대여소",0,"",0,0,1,0,0,"",0
2316,"성도 대축사",0,"",0,0,1,0,0,"",0
2317,"보석홀장 거리",0,"",0,0,1,0,0,"",0
2318,"뒤랑데르 저택",0,"",0,0,1,0,0,"",0
2319,"아유나르트 저택",0,"",0,0,1,0,0,"",0
2320,"포르탕 저택",0,"",0,0,1,0,0,"",0
2321,"제멜 저택",0,"",0,0,1,0,0,"",0
2322,"성 겡리올 점성원",0,"",0,0,1,0,0,"",0
2323,"비공정 승강장",0,"",0,0,1,0,0,"",0
2324,"보렐 저택",0,"",0,0,1,0,0,"",0
2325,"신성재판소",0,"",0,0,1,0,0,"",0
2326,"둥근방패 대광장",0,"",0,0,1,0,0,"",0
2327,"이슈가르드 교황청",0,"",0,0,1,0,0,"",0
2328,"성 레마노 대성당",0,"",0,0,1,0,0,"",0
2329,"건국 열두 기사상",0,"",0,0,1,0,0,"",0
2330,"최후의 보루",0,"",0,0,1,0,0,"",0
2331,"가경자의 개선문",0,"",0,0,1,0,0,"",0
2332,"에딘 소광장",0,"",0,0,1,0,0,"",0
2333,"서쪽 주랑",0,"",0,0,1,0,0,"",0
2334,"동쪽 주랑",0,"",0,0,1,0,0,"",0
2335,"신전기사단 총장실",0,"",0,0,1,0,0,"",0
2336,"결투재판장",0,"",0,0,1,0,0,"",0
2337,"성 앙달림 신학원",0,"",0,0,1,0,0,"",0
2338,"나풀깃 투기장",0,"",0,0,1,0,0,"",0
2339,"",0,"",0,0,0,0,0,"",0
2340,"",0,"",0,0,0,0,0,"",0
2341,"",0,"",0,0,0,0,0,"",0
2342,"",0,"",0,0,0,0,0,"",0
2343,"",0,"",0,0,0,0,0,"",0
2344,"",0,"",0,0,0,0,0,"",0
2345,"",0,"",0,0,0,0,0,"",0
2346,"",0,"",0,0,0,0,0,"",0
2347,"",0,"",0,0,0,0,0,"",0
2348,"",0,"",0,0,0,0,0,"",0
2349,"",0,"",0,0,0,0,0,"",0
2350,"",0,"",0,0,0,0,0,"",0
2351,"",0,"",0,0,0,0,0,"",0
2352,"",0,"",0,0,0,0,0,"",0
2353,"",0,"",0,0,0,0,0,"",0
2354,"",0,"",0,0,0,0,0,"",0
2355,"",0,"",0,0,0,0,0,"",0
2356,"",0,"",0,0,0,0,0,"",0
2357,"",0,"",0,0,0,0,0,"",0
2358,"",0,"",0,0,0,0,0,"",0
2359,"",0,"",0,0,0,0,0,"",0
2360,"",0,"",0,0,0,0,0,"",0
2361,"",0,"",0,0,0,0,0,"",0
2362,"",0,"",0,0,0,0,0,"",0
2363,"",0,"",0,0,0,0,0,"",0
2364,"",0,"",0,0,0,0,0,"",0
2365,"",0,"",0,0,0,0,0,"",0
2366,"",0,"",0,0,0,0,0,"",0
2367,"",0,"",0,0,0,0,0,"",0
2368,"",0,"",0,0,0,0,0,"",0
2369,"",0,"",0,0,0,0,0,"",0
2370,"",0,"",0,0,0,0,0,"",0
2371,"",0,"",0,0,0,0,0,"",0
2372,"",0,"",0,0,0,0,0,"",0
2373,"",0,"",0,0,0,0,0,"",0
2374,"",0,"",0,0,0,0,0,"",0
2375,"",0,"",0,0,0,0,0,"",0
2376,"",0,"",0,0,0,0,0,"",0
2377,"",0,"",0,0,0,0,0,"",0
2378,"",0,"",0,0,0,0,0,"",0
2379,"",0,"",0,0,0,0,0,"",0
2380,"",0,"",0,0,0,0,0,"",0
2381,"",0,"",0,0,0,0,0,"",0
2382,"",0,"",0,0,0,0,0,"",0
2383,"",0,"",0,0,0,0,0,"",0
2384,"",0,"",0,0,0,0,0,"",0
2385,"",0,"",0,0,0,0,0,"",0
2386,"",0,"",0,0,0,0,0,"",0
2387,"",0,"",0,0,0,0,0,"",0
2388,"",0,"",0,0,0,0,0,"",0
2389,"",0,"",0,0,0,0,0,"",0
2390,"",0,"",0,0,0,0,0,"",0
2391,"",0,"",0,0,0,0,0,"",0
2392,"",0,"",0,0,0,0,0,"",0
2393,"",0,"",0,0,0,0,0,"",0
2394,"",0,"",0,0,0,0,0,"",0
2395,"",0,"",0,0,0,0,0,"",0
2396,"",0,"",0,0,0,0,0,"",0
2397,"",0,"",0,0,0,0,0,"",0
2398,"",0,"",0,0,0,0,0,"",0
2399,"",0,"",0,0,0,0,0,"",0
